tag,rule,scorer,stage,fail_recall,alert_rate,n_fail_windows
r1,A_matched_budget,raw,all,0.9129979035639413,0.7455731689719858,2862
r1,A_matched_budget,raw,0,0.9508196721311475,0.8626814168273622,305
r1,A_matched_budget,raw,1,0.9818181818181818,0.890302719343253,495
r1,A_matched_budget,raw,2,0.9456681350954479,0.8925096767444294,681
r1,A_matched_budget,raw,3,0.9681050656660413,0.8035032679738562,1066
r1,A_matched_budget,raw,4,0.5111111111111111,0.2836644027983455,315
r1,B_cal_90pct_recall,raw,all,0.893780573025856,0.719249242439859,2862
r1,B_cal_90pct_recall,raw,0,0.940983606557377,0.8431949660002029,305
r1,B_cal_90pct_recall,raw,1,0.9717171717171718,0.8702411493073371,495
r1,B_cal_90pct_recall,raw,2,0.9397944199706314,0.8757192174913694,681
r1,B_cal_90pct_recall,raw,3,0.9615384615384616,0.781281045751634,1066
r1,B_cal_90pct_recall,raw,4,0.3968253968253968,0.23091456875861716,315
r1,A_matched_budget,platt,all,0.9129979035639413,0.7455731689719858,2862
r1,A_matched_budget,platt,0,0.9508196721311475,0.8626814168273622,305
r1,A_matched_budget,platt,1,0.9818181818181818,0.890302719343253,495
r1,A_matched_budget,platt,2,0.9456681350954479,0.8925096767444294,681
r1,A_matched_budget,platt,3,0.9681050656660413,0.8035032679738562,1066
r1,A_matched_budget,platt,4,0.5111111111111111,0.2836644027983455,315
r1,B_cal_90pct_recall,platt,all,0.893780573025856,0.719249242439859,2862
r1,B_cal_90pct_recall,platt,0,0.940983606557377,0.8431949660002029,305
r1,B_cal_90pct_recall,platt,1,0.9717171717171718,0.8702411493073371,495
r1,B_cal_90pct_recall,platt,2,0.9397944199706314,0.8757192174913694,681
r1,B_cal_90pct_recall,platt,3,0.9615384615384616,0.781281045751634,1066
r1,B_cal_90pct_recall,platt,4,0.3968253968253968,0.23091456875861716,315
r1,A_matched_budget,isotonic,all,0.9301187980433263,0.7784316959040217,2862
r1,A_matched_budget,isotonic,0,0.9573770491803278,0.8690246625393281,305
r1,A_matched_budget,isotonic,1,0.9858585858585859,0.9225756798358132,495
r1,A_matched_budget,isotonic,2,0.9809104258443465,0.9504132231404959,681
r1,A_matched_budget,isotonic,3,0.9718574108818011,0.8278692810457516,1066
r1,A_matched_budget,isotonic,4,0.5650793650793651,0.3276311086146147,315
r1,B_cal_90pct_recall,isotonic,all,0.9046121593291404,0.7305147286182515,2862
r1,B_cal_90pct_recall,isotonic,0,0.9442622950819672,0.8494367197807774,305
r1,B_cal_90pct_recall,isotonic,1,0.9777777777777777,0.8779887121600821,495
r1,B_cal_90pct_recall,isotonic,2,0.9441997063142438,0.8812637305157444,681
r1,B_cal_90pct_recall,isotonic,3,0.9634146341463414,0.7899607843137255,1066
r1,B_cal_90pct_recall,isotonic,4,0.4666666666666667,0.25884695909717614,315
r1,conformal_set_contains_failure,split,all,0.8127183787561146,0.5914947125394241,2862
r1,conformal_set_contains_failure,split,0,0.8131147540983606,0.6948137623058966,305
r1,conformal_set_contains_failure,split,1,0.8848484848484849,0.7108773730118009,495
r1,conformal_set_contains_failure,split,2,0.8516886930983847,0.7279004079924678,681
r1,conformal_set_contains_failure,split,3,0.9043151969981238,0.6776470588235294,1066
r1,conformal_set_contains_failure,split,4,0.3047619047619048,0.15140683245672268,315
r1,conformal_set_contains_failure,mondrian_class,all,0.8948287910552062,0.7199810352291233,2862
r1,conformal_set_contains_failure,mondrian_class,0,0.940983606557377,0.8432457119658987,305
r1,conformal_set_contains_failure,mondrian_class,1,0.9717171717171718,0.8702924576706003,495
r1,conformal_set_contains_failure,mondrian_class,2,0.9397944199706314,0.8757192174913694,681
r1,conformal_set_contains_failure,mondrian_class,3,0.9615384615384616,0.7819084967320261,1066
r1,conformal_set_contains_failure,mondrian_class,4,0.40634920634920635,0.23382525660011233,315
r1,conformal_set_contains_failure,mondrian_both,all,0.8972746331236897,0.745552555090598,2862
r1,conformal_set_contains_failure,mondrian_both,0,0.8918032786885246,0.7709834568151832,305
r1,conformal_set_contains_failure,mondrian_both,1,0.8848484848484849,0.7132888660851718,495
r1,conformal_set_contains_failure,mondrian_both,2,0.9104258443465492,0.8142588136834397,681
r1,conformal_set_contains_failure,mondrian_both,3,0.9052532833020638,0.6821437908496732,1066
r1,conformal_set_contains_failure,mondrian_both,4,0.8666666666666667,0.7469233518868407,315
