method,grouping,group,stat,n_windows,n_fail_windows,point,lo,hi,se,n_nan,vendor
-,all,all,auc,53551,303,0.6587479013451225,0.6240755692570138,0.693235844682356,0.017389706984311797,0,A
split,all,all,coverage,53551,303,0.9062015648634012,0.8981556613518978,0.9111972579933135,0.0033773961534771355,0,A
split,all,all,cov_healthy,53551,303,0.9090106670673077,0.900695970459763,0.9138127224839997,0.003377743270415886,0,A
split,all,all,cov_failure,53551,303,0.41254125412541254,0.3609936203984453,0.4729641403573317,0.028969183625274755,0,A
split,all,all,set_size,53551,303,1.0751059737446547,1.06724342032129,1.099933104542716,0.009301648463774542,0,A
split,all,all,singleton,53551,303,0.9248940262553453,0.9000668954572838,0.9327565796787103,0.009301648463774546,0,A
split,all,all,doubleton,53551,303,0.07510597374465462,0.06724342032128977,0.09993310454271621,0.00930164846377455,0,A
split,all,all,empty,53551,303,0.0,0.0,0.0,0.0,0,A
split,all,all,alert_rate,53551,303,0.16752254859853224,0.16196898159996545,0.19063999803959453,0.008147644031130144,0,A
split,stage,0,coverage,11204,29,0.9111924312745449,0.900678753199693,0.9186965241840616,0.004718469438995668,0,A
split,stage,1,coverage,11027,33,0.9144826335358666,0.9056397899713887,0.9222754863584748,0.00419253676094919,0,A
split,stage,2,coverage,10586,33,0.9020404307576044,0.8917955220715345,0.9096177008233767,0.00456909234244922,0,A
split,stage,3,coverage,10519,109,0.9051240612225496,0.8955363994002103,0.9118909349083048,0.004349230856147369,0,A
split,stage,4,coverage,10215,99,0.8972099853157122,0.8814419085485946,0.9060370775487487,0.006200105131318783,0,A
split,stage,0,cov_healthy,11204,29,0.9131991051454139,0.9025696816066248,0.9207753572651763,0.004704215653409109,0,A
split,stage,1,cov_healthy,11027,33,0.9167727851555394,0.9078618839839699,0.9243974104045176,0.004151373873068209,0,A
split,stage,2,cov_healthy,10586,33,0.9037240595091444,0.8935819866648481,0.9112215344391716,0.004554517702280724,0,A
split,stage,3,cov_healthy,10519,109,0.9093179634966378,0.8996532420201768,0.9159848108670422,0.004373861722886212,0,A
split,stage,4,cov_healthy,10215,99,0.9011466982997232,0.88532214273428,0.9097712047609066,0.006156739376030745,0,A
split,stage,0,cov_failure,11204,29,0.13793103448275862,0.02939075630252101,0.2858294930875575,0.06658111877595534,0,A
split,stage,1,cov_failure,11027,33,0.15151515151515152,0.034482758620689655,0.30013888888888873,0.06629674114944736,0,A
split,stage,2,cov_failure,10586,33,0.36363636363636365,0.2,0.5483870967741935,0.08573902682780438,0,A
split,stage,3,cov_failure,10519,109,0.5045871559633027,0.4145775710334423,0.5962009803921569,0.04911891923502306,0,A
split,stage,4,cov_failure,10215,99,0.494949494949495,0.4,0.5974228896103896,0.05014085896513718,0,A
split,stage,0,set_size,11204,29,1.0723848625490897,1.0641312356454296,1.1009541959727496,0.010195891965383327,0,A
split,stage,1,set_size,11027,33,1.0698286025210846,1.0622852619303966,1.0946246088246379,0.009080493896228909,0,A
split,stage,2,set_size,10586,33,1.0758549027016815,1.0667530249201,1.1052195181322486,0.010939544778546032,0,A
split,stage,3,set_size,10519,109,1.0709192889057895,1.061934150577409,1.0952594187648632,0.009204097625153163,0,A
split,stage,4,set_size,10215,99,1.0873225648556044,1.074155319172046,1.1057034103843384,0.008618306976147313,0,A
split,stage,0,singleton,11204,29,0.9276151374509104,0.8990458040272504,0.9358687643545704,0.010195891965383331,0,A
split,stage,1,singleton,11027,33,0.9301713974789154,0.905375391175362,0.9377147380696033,0.009080493896228907,0,A
split,stage,2,singleton,10586,33,0.9241450972983185,0.8947804818677514,0.9332469750799,0.01093954477854603,0,A
split,stage,3,singleton,10519,109,0.9290807110942104,0.9047405812351369,0.9380658494225911,0.009204097625153167,0,A
split,stage,4,singleton,10215,99,0.9126774351443955,0.8942965896156615,0.9258446808279537,0.008618306976147303,0,A
split,stage,0,doubleton,11204,29,0.07238486254908962,0.06413123564542954,0.10095419597274952,0.01019589196538333,0,A
split,stage,1,doubleton,11027,33,0.06982860252108461,0.06228526193039671,0.09462460882463798,0.009080493896228909,0,A
split,stage,2,doubleton,10586,33,0.07585490270168146,0.06675302492009996,0.10521951813224857,0.010939544778546034,0,A
split,stage,3,doubleton,10519,109,0.07091928890578952,0.06193415057740888,0.09525941876486314,0.009204097625153167,0,A
split,stage,4,doubleton,10215,99,0.08732256485560451,0.07415531917204624,0.10570341038433849,0.008618306976147303,0,A
split,stage,0,empty,11204,29,0.0,0.0,0.0,0.0,0,A
split,stage,1,empty,11027,33,0.0,0.0,0.0,0.0,0,A
split,stage,2,empty,10586,33,0.0,0.0,0.0,0.0,0,A
split,stage,3,empty,10519,109,0.0,0.0,0.0,0.0,0,A
split,stage,4,empty,10215,99,0.0,0.0,0.0,0.0,0,A
split,stage,0,alert_rate,11204,29,0.15931810067832916,0.15124875298731974,0.18456341374871957,0.009182803752005059,0,A
split,stage,1,alert_rate,11027,33,0.15298812006892173,0.14346301078737228,0.17638258464432974,0.00888778634108577,0,A
split,stage,2,alert_rate,10586,33,0.17268089930096353,0.1636156198156238,0.20101804862602726,0.010079790396839634,0,A
split,stage,3,alert_rate,10519,109,0.1654149633995627,0.1570330280123987,0.18920024523937878,0.008861205626503279,0,A
split,stage,4,alert_rate,10215,99,0.1890357317670093,0.1784269481388599,0.20925550350134212,0.008241434221891174,0,A
mondrian_both,all,all,coverage,53551,303,0.9051558327575582,0.8985009811927221,0.9114757033460645,0.00338278404736746,0,A
mondrian_both,all,all,cov_healthy,53551,303,0.9053297776442307,0.8987689005561474,0.9116907190871646,0.003404644744449021,0,A
mondrian_both,all,all,cov_failure,53551,303,0.8745874587458746,0.809813093870732,0.938462783171521,0.03389676021943911,0,A
mondrian_both,all,all,set_size,53551,303,1.7580624077981737,1.6767195430216018,1.8147667874520255,0.0353184734531894,0,A
mondrian_both,all,all,singleton,53551,303,0.24193759220182628,0.18523321254797454,0.32328045697839825,0.03531847345318941,0,A
mondrian_both,all,all,doubleton,53551,303,0.7580624077981737,0.6767195430216018,0.8147667874520255,0.03531847345318941,0,A
mondrian_both,all,all,empty,53551,303,0.0,0.0,0.0,0.0,0,A
mondrian_both,all,all,alert_rate,53551,303,0.8541577188101063,0.7729268595450418,0.9116356566301679,0.03526939171823327,0,A
mondrian_both,stage,0,coverage,11204,29,0.8952159942877543,0.8806044039039698,0.9064714928774635,0.00648144436420644,0,A
mondrian_both,stage,1,coverage,11027,33,0.9132130225809377,0.8985896349583335,0.9227312791485707,0.005754489975499205,0,A
mondrian_both,stage,2,coverage,10586,33,0.9007179293406385,0.8907977128338839,0.9106733138320305,0.0050725669287898624,0,A
mondrian_both,stage,3,coverage,10519,109,0.9037931362296796,0.8940113884069748,0.9144642772643103,0.00515161854808274,0,A
mondrian_both,stage,4,coverage,10215,99,0.9133627019089574,0.8975324657010706,0.9264057960091273,0.007783211778891785,0,A
mondrian_both,stage,0,cov_healthy,11204,29,0.8949440715883669,0.8802491063083827,0.9062529927616927,0.006498289599277979,0,A
mondrian_both,stage,1,cov_healthy,11027,33,0.9130434782608695,0.8983854725881687,0.922455087279995,0.005760591392488368,0,A
mondrian_both,stage,2,cov_healthy,10586,33,0.9005022268549228,0.8907677098866539,0.9105154782504209,0.0050861457787068545,0,A
mondrian_both,stage,3,cov_healthy,10519,109,0.9039385206532181,0.8941772427597305,0.9149308464286765,0.0052193914473358406,0,A
mondrian_both,stage,4,cov_healthy,10215,99,0.9148873072360617,0.898875761871163,0.9276415498303414,0.007783464906135514,0,A
mondrian_both,stage,0,cov_failure,11204,29,1.0,1.0,1.0,0.022981694133226597,0,A
mondrian_both,stage,1,cov_failure,11027,33,0.9696969696969697,0.7352941176470589,1.0,0.07447902876440313,0,A
mondrian_both,stage,2,cov_failure,10586,33,0.9696969696969697,0.7776881720430108,1.0,0.06721039575102034,0,A
mondrian_both,stage,3,cov_failure,10519,109,0.8899082568807339,0.7706069160197601,0.9572695035460993,0.050624815807603564,0,A
mondrian_both,stage,4,cov_failure,10215,99,0.7575757575757576,0.6583164414414414,0.946236559139785,0.08027350525296366,0,A
mondrian_both,stage,0,set_size,11204,29,1.8948589789360943,1.7224734159559607,1.905704015179116,0.07562178285864808,0,A
mondrian_both,stage,1,set_size,11027,33,1.8263353586650948,1.6555008707948549,1.8364574525961357,0.059351970883343465,0,A
mondrian_both,stage,2,set_size,10586,33,1.8544303797468353,1.6653483900940882,1.876050498410633,0.05652727516450281,0,A
mondrian_both,stage,3,set_size,10519,109,1.6407453179960072,1.4863675889154615,1.76251170361308,0.07730729275883842,0,A
mondrian_both,stage,4,set_size,10215,99,1.5552618697993148,1.460653246129271,1.8660023521394578,0.12143361509639945,0,A
mondrian_both,stage,0,singleton,11204,29,0.10514102106390574,0.094295984820884,0.27752658404403924,0.0756217828586481,0,A
mondrian_both,stage,1,singleton,11027,33,0.17366464133490522,0.16354254740386434,0.34449912920514486,0.05935197088334348,0,A
mondrian_both,stage,2,singleton,10586,33,0.14556962025316456,0.12394950158936685,0.3346516099059118,0.05652727516450286,0,A
mondrian_both,stage,3,singleton,10519,109,0.3592546820039928,0.23748829638692012,0.5136324110845385,0.07730729275883841,0,A
mondrian_both,stage,4,singleton,10215,99,0.44473813020068526,0.13399764786054233,0.539346753870729,0.12143361509639948,0,A
mondrian_both,stage,0,doubleton,11204,29,0.8948589789360942,0.7224734159559608,0.9057040151791159,0.07562178285864805,0,A
mondrian_both,stage,1,doubleton,11027,33,0.8263353586650948,0.655500870794855,0.8364574525961357,0.05935197088334348,0,A
mondrian_both,stage,2,doubleton,10586,33,0.8544303797468354,0.6653483900940882,0.8760504984106332,0.05652727516450287,0,A
mondrian_both,stage,3,doubleton,10519,109,0.6407453179960072,0.4863675889154615,0.7625117036130798,0.07730729275883842,0,A
mondrian_both,stage,4,doubleton,10215,99,0.5552618697993147,0.46065324612927105,0.8660023521394576,0.12143361509639951,0,A
mondrian_both,stage,0,empty,11204,29,0.0,0.0,0.0,0.0,0,A
mondrian_both,stage,1,empty,11027,33,0.0,0.0,0.0,0.0,0,A
mondrian_both,stage,2,empty,10586,33,0.0,0.0,0.0,0.0,0,A
mondrian_both,stage,3,empty,10519,109,0.0,0.0,0.0,0.0,0,A
mondrian_both,stage,4,empty,10215,99,0.0,0.0,0.0,0.0,0,A
mondrian_both,stage,0,alert_rate,11204,29,1.0,0.8359707465550065,1.0,0.07539416312148328,0,A
mondrian_both,stage,1,alert_rate,11027,33,0.9133037090777183,0.7512022680546413,0.9185005063850704,0.05889460470585587,0,A
mondrian_both,stage,2,alert_rate,10586,33,0.9544681655016058,0.7662003899884355,0.9745099505172499,0.05623430718436722,0,A
mondrian_both,stage,3,alert_rate,10519,109,0.7406597585321799,0.5849103389154401,0.8598053093769196,0.07752824417612283,0,A
mondrian_both,stage,4,alert_rate,10215,99,0.6432697014194811,0.5531562466998335,0.9576697586437988,0.12129714465255545,0,A
-,all,all,auc,39065,429,0.6756952282627818,0.6492697019220971,0.7031625357405874,0.01371068773955075,0,B
split,all,all,coverage,39065,429,0.9159093817995648,0.8975295954654975,0.9180583188356134,0.008014903238580407,0,B
split,all,all,cov_healthy,39065,429,0.9208251371777617,0.9024123833726251,0.9229884592440575,0.008119651987697584,0,B
split,all,all,cov_failure,39065,429,0.4731934731934732,0.4278997254881649,0.5186046511627908,0.023227084592529146,0,B
split,all,all,set_size,39065,429,1.126558300268783,1.104675825672147,1.129844143437609,0.009642177784614897,0,B
split,all,all,singleton,39065,429,0.8734416997312172,0.870155856562391,0.8953241743278533,0.00964217778461489,0,B
split,all,all,doubleton,39065,429,0.1265583002687828,0.10467582567214677,0.12984414343760903,0.009642177784614897,0,B
split,all,all,empty,39065,429,0.0,0.0,0.0,0.0,0,B
split,all,all,alert_rate,39065,429,0.2086522462562396,0.20313817533763914,0.21198076871762161,0.002373160875612817,0,B
split,stage,0,coverage,7955,114,0.9179132620993086,0.912905057524615,0.9231149844235099,0.0026730066451200545,0,B
split,stage,1,coverage,7606,81,0.9458322377070734,0.9408796531414005,0.9507359346628562,0.002605692774099286,0,B
split,stage,2,coverage,7723,72,0.8666321377702965,0.8601604500026868,0.8725857167223431,0.0031569266445703554,0,B
split,stage,3,coverage,7854,102,0.9441049146931499,0.9191580187637562,0.9484211860949582,0.010106919800827145,0,B
split,stage,4,coverage,7927,60,0.9052605020814937,0.8407135019644859,0.9102542166226182,0.028955886717664674,0,B
split,stage,0,cov_healthy,7955,114,0.9199081749776814,0.9147610265065361,0.9248996160178438,0.002644666683659374,0,B
split,stage,1,cov_healthy,7606,81,0.9524252491694352,0.9477045086656961,0.9569540876298405,0.0024444527219681005,0,B
split,stage,2,cov_healthy,7723,72,0.8707358515226767,0.8645317569486543,0.8767691088332609,0.003127941087871009,0,B
split,stage,3,cov_healthy,7854,102,0.951625386996904,0.9267516519475292,0.9557966103584945,0.010257807327935436,0,B
split,stage,4,cov_healthy,7927,60,0.9098767001398246,0.8449601179252342,0.9146220168247041,0.029170087519456444,0,B
split,stage,0,cov_failure,7955,114,0.7807017543859649,0.6990291262135923,0.8490691267323427,0.03931702483070894,0,B
split,stage,1,cov_failure,7606,81,0.3333333333333333,0.2318561872909699,0.43478260869565216,0.05189092736982945,0,B
split,stage,2,cov_failure,7723,72,0.4305555555555556,0.31745063879210217,0.547945205479452,0.058401352520381616,0,B
split,stage,3,cov_failure,7854,102,0.37254901960784315,0.27356346483704974,0.4666666666666667,0.04770509166631098,0,B
split,stage,4,cov_failure,7927,60,0.3,0.18864976415094342,0.42107319078947364,0.05881679146870029,0,B
split,stage,0,set_size,7955,114,1.1062225015713387,1.0964324257912783,1.1119976790989061,0.004113389288142219,0,B
split,stage,1,set_size,7606,81,1.0936103076518537,1.0852253018459672,1.0987989136319958,0.0035781144898490835,0,B
split,stage,2,set_size,7723,72,1.1289654279425094,1.120133071391504,1.1360694485390461,0.00419932412821138,0,B
split,stage,3,set_size,7854,102,1.1341991341991342,1.1059080032442015,1.1411044535923145,0.011857655696925682,0,B
split,stage,4,set_size,7927,60,1.1686640595433329,1.1008981778200357,1.1760592055688572,0.030572614463450977,0,B
split,stage,0,singleton,7955,114,0.8937774984286612,0.8880023209010939,0.9035675742087216,0.004113389288142216,0,B
split,stage,1,singleton,7606,81,0.9063896923481461,0.9012010863680041,0.9147746981540329,0.003578114489849086,0,B
split,stage,2,singleton,7723,72,0.8710345720574906,0.8639305514609539,0.8798669286084958,0.004199324128211383,0,B
split,stage,3,singleton,7854,102,0.8658008658008658,0.8588955464076856,0.8940919967557985,0.011857655696925684,0,B
split,stage,4,singleton,7927,60,0.831335940456667,0.8239407944311425,0.8991018221799643,0.030572614463450973,0,B
split,stage,0,doubleton,7955,114,0.10622250157133878,0.09643242579127838,0.11199767909890608,0.004113389288142215,0,B
split,stage,1,doubleton,7606,81,0.0936103076518538,0.08522530184596716,0.09879891363199586,0.0035781144898490826,0,B
split,stage,2,doubleton,7723,72,0.1289654279425094,0.12013307139150418,0.13606944853904612,0.004199324128211387,0,B
split,stage,3,doubleton,7854,102,0.1341991341991342,0.10590800324420145,0.14110445359231447,0.011857655696925684,0,B
split,stage,4,doubleton,7927,60,0.1686640595433329,0.10089817782003577,0.1760592055688574,0.03057261446345098,0,B
split,stage,0,empty,7955,114,0.0,0.0,0.0,0.0,0,B
split,stage,1,empty,7606,81,0.0,0.0,0.0,0.0,0,B
split,stage,2,empty,7723,72,0.0,0.0,0.0,0.0,0,B
split,stage,3,empty,7854,102,0.0,0.0,0.0,0.0,0,B
split,stage,4,empty,7927,60,0.0,0.0,0.0,0.0,0,B
split,stage,0,alert_rate,7955,114,0.19534883720930232,0.18622204964724473,0.20151722812855147,0.003954426973584772,0,B
split,stage,1,alert_rate,7606,81,0.14251906389692348,0.13367521076866654,0.14908151902675015,0.00403504143094834,0,B
split,stage,2,alert_rate,7723,72,0.2598731063058397,0.2492424438748381,0.2681442704455376,0.004767107581338086,0,B
split,stage,3,alert_rate,7854,102,0.1847466259230965,0.17370427134580552,0.1930997572409391,0.004864647622771608,0,B
split,stage,4,alert_rate,7927,60,0.2592405702031033,0.24968925175696324,0.26766408887354093,0.004638715518841309,0,B
mondrian_both,all,all,coverage,39065,429,0.9029566107769103,0.8992499378216221,0.9064660522383965,0.0018593311042128225,0,B
mondrian_both,all,all,cov_healthy,39065,429,0.9030696759498913,0.8993563055281442,0.9066277695023228,0.0018527148243638913,0,B
mondrian_both,all,all,cov_failure,39065,429,0.8927738927738927,0.8376094968107725,0.927772544943729,0.02350844305083683,0,B
mondrian_both,all,all,set_size,39065,429,1.6735952899014463,1.6140857558753372,1.7014195535044705,0.022501899105031264,0,B
mondrian_both,all,all,singleton,39065,429,0.3264047100985537,0.29858044649552945,0.3859142441246629,0.022501899105031274,0,B
mondrian_both,all,all,doubleton,39065,429,0.6735952899014463,0.614085755875337,0.7014195535044705,0.02250189910503126,0,B
mondrian_both,all,all,empty,39065,429,0.0,0.0,0.0,0.0,0,B
mondrian_both,all,all,alert_rate,39065,429,0.7734033021886599,0.7150205682218816,0.8017606971997547,0.02240216651124702,0,B
mondrian_both,stage,0,coverage,7955,114,0.9069767441860465,0.8976659877086314,0.9121851322757228,0.0035422505517491497,0,B
mondrian_both,stage,1,coverage,7606,81,0.9103339468840389,0.9001820995447865,0.9197701815573384,0.005097890080573073,0,B
mondrian_both,stage,2,coverage,7723,72,0.8870905088696103,0.8811668783344989,0.8932193438112511,0.0030954314093430994,0,B
mondrian_both,stage,3,coverage,7854,102,0.9004329004329005,0.8900572320071555,0.9128428968183073,0.005604881777252753,0,B
mondrian_both,stage,4,coverage,7927,60,0.9098019427273875,0.9041400565372881,0.9146699001049631,0.002738875779758672,0,B
mondrian_both,stage,0,cov_healthy,7955,114,0.9072822344088765,0.897700413992932,0.9124854141876088,0.0035573603932297763,0,B
mondrian_both,stage,1,cov_healthy,7606,81,0.9104318936877076,0.9002026313546769,0.9200690534104863,0.005115499541319261,0,B
mondrian_both,stage,2,cov_healthy,7723,72,0.8865507776761208,0.880424964100705,0.8926322668964463,0.003104702572764659,0,B
mondrian_both,stage,3,cov_healthy,7854,102,0.9010577915376677,0.8902660788534021,0.9133702741028077,0.0056627958919485905,0,B
mondrian_both,stage,4,cov_healthy,7927,60,0.9098767001398246,0.9047653446364955,0.9151907272008905,0.002684202760725659,0,B
mondrian_both,stage,0,cov_failure,7955,114,0.8859649122807017,0.8241714285714286,0.948471081600559,0.031744562588289664,0,B
mondrian_both,stage,1,cov_failure,7606,81,0.9012345679012346,0.7325581395348837,0.9767441860465116,0.0617668458510222,0,B
mondrian_both,stage,2,cov_failure,7723,72,0.9444444444444444,0.8860759493670886,1.0,0.029957448691946692,0,B
mondrian_both,stage,3,cov_failure,7854,102,0.8529411764705882,0.7572684334820257,0.9431871783876501,0.0469966739534904,0,B
mondrian_both,stage,4,cov_failure,7927,60,0.9,0.6428304904051173,0.9821506892230576,0.10085924734639554,0,B
mondrian_both,stage,0,set_size,7955,114,1.48196103079824,1.4683670635274457,1.5104969520150866,0.019526371149315023,0,B
mondrian_both,stage,1,set_size,7606,81,1.6809098080462792,1.536532038927802,1.7628693047578288,0.056778813581091714,0,B
mondrian_both,stage,2,set_size,7723,72,1.7346885925158617,1.6592469443058284,1.797386685351259,0.04393701067083415,0,B
mondrian_both,stage,3,set_size,7854,102,1.6571173924115101,1.5770010615835612,1.7366319485562887,0.0477727583109016,0,B
mondrian_both,stage,4,set_size,7927,60,1.8156932004541442,1.6681955559939132,1.872153284298844,0.06915443228498655,0,B
mondrian_both,stage,0,singleton,7955,114,0.5180389692017598,0.4895030479849134,0.5316329364725544,0.019526371149315,0,B
mondrian_both,stage,1,singleton,7606,81,0.31909019195372074,0.2371306952421711,0.4634679610721978,0.05677881358109171,0,B
mondrian_both,stage,2,singleton,7723,72,0.2653114074841383,0.202613314648741,0.3407530556941715,0.04393701067083412,0,B
mondrian_both,stage,3,singleton,7854,102,0.34288260758848993,0.26336805144371134,0.42299893841643876,0.04777275831090161,0,B
mondrian_both,stage,4,singleton,7927,60,0.18430679954585594,0.12784671570115608,0.3318044440060869,0.06915443228498654,0,B
mondrian_both,stage,0,doubleton,7955,114,0.4819610307982401,0.46836706352744567,0.5104969520150865,0.019526371149315002,0,B
mondrian_both,stage,1,doubleton,7606,81,0.6809098080462792,0.5365320389278022,0.7628693047578289,0.056778813581091755,0,B
mondrian_both,stage,2,doubleton,7723,72,0.7346885925158617,0.6592469443058284,0.797386685351259,0.043937010670834116,0,B
mondrian_both,stage,3,doubleton,7854,102,0.65711739241151,0.5770010615835612,0.7366319485562888,0.04777275831090161,0,B
mondrian_both,stage,4,doubleton,7927,60,0.8156932004541441,0.668195555993913,0.8721532842988439,0.0691544322849866,0,B
mondrian_both,stage,0,empty,7955,114,0.0,0.0,0.0,0.0,0,B
mondrian_both,stage,1,empty,7606,81,0.0,0.0,0.0,0.0,0,B
mondrian_both,stage,2,empty,7723,72,0.0,0.0,0.0,0.0,0,B
mondrian_both,stage,3,empty,7854,102,0.0,0.0,0.0,0.0,0,B
mondrian_both,stage,4,empty,7927,60,0.0,0.0,0.0,0.0,0,B
mondrian_both,stage,0,alert_rate,7955,114,0.5837837837837838,0.5732852969325927,0.6105221361893218,0.019117121664529526,0,B
mondrian_both,stage,1,alert_rate,7606,81,0.7717591375230082,0.6305590986626731,0.8569972404312797,0.056616920908044266,0,B
mondrian_both,stage,2,alert_rate,7723,72,0.8495403340670724,0.7761511145801504,0.9115787718871773,0.043896569219687126,0,B
mondrian_both,stage,3,alert_rate,7854,102,0.7580850522026993,0.6830054304529435,0.834594536361442,0.04740834438943211,0,B
mondrian_both,stage,4,alert_rate,7927,60,0.9062697111139145,0.758511033033744,0.9622363504862861,0.069186566960841,0,B
-,all,all,auc,101786,2127,0.6595154167766621,0.6477154252094421,0.6709040885110676,0.005978916377215218,0,C
split,all,all,coverage,101786,2127,0.8983357239698976,0.8946215102563879,0.90200011789656,0.0019124902922659332,0,C
split,all,all,cov_healthy,101786,2127,0.9103141713242155,0.9065647086683718,0.913887890532637,0.0018631087862211436,0,C
split,all,all,cov_failure,101786,2127,0.33709449929478136,0.31668217701964385,0.36070119969137016,0.011505650415076896,0,C
split,all,all,set_size,101786,2127,1.0322048218812017,1.0249903996797192,1.042766253933606,0.0047684218438560876,0,C
split,all,all,singleton,101786,2127,0.9677951781187982,0.9572337460663941,0.9750096003202807,0.0047684218438560815,0,C
split,all,all,doubleton,101786,2127,0.03220482188120174,0.024990399679719215,0.042766253933605905,0.004768421843856084,0,C
split,all,all,empty,101786,2127,0.0,0.0,0.0,0.0,0,C
split,all,all,alert_rate,101786,2127,0.12599964631678226,0.12050949551693345,0.1342236267980133,0.003643335400191668,0,C
split,stage,0,coverage,20789,198,0.9175525518302948,0.9125030191274653,0.9234382092092815,0.0028789271928523733,0,C
split,stage,1,coverage,20785,246,0.9262448881404859,0.9213544554611088,0.9311860768569546,0.002502501300417521,0,C
split,stage,2,coverage,20549,258,0.9270524113095527,0.9216263967300521,0.9315959766355019,0.0025734233427150153,0,C
split,stage,3,coverage,20118,425,0.9095337508698678,0.9039592325898399,0.9146192738930026,0.002667257921674994,0,C
split,stage,4,coverage,19545,1000,0.8064978255308263,0.7996557776027121,0.8136097838090384,0.003483585753362155,0,C
split,stage,0,cov_healthy,20789,198,0.9221990189888787,0.917259378990123,0.9280415567579456,0.002837477018912691,0,C
split,stage,1,cov_healthy,20785,246,0.931350114416476,0.9264937999190258,0.9360799453144041,0.0024516395369973496,0,C
split,stage,2,cov_healthy,20549,258,0.9343058498841851,0.9289812805817707,0.9386199709308919,0.0025087883358967584,0,C
split,stage,3,cov_healthy,20118,425,0.9234753465698472,0.9184397317968006,0.928339151363289,0.002575798802541114,0,C
split,stage,4,cov_healthy,19545,1000,0.8335939606362901,0.8273322264917574,0.8406135618549384,0.0033546584730096054,0,C
split,stage,0,cov_failure,20789,198,0.43434343434343436,0.3631330014224751,0.5020632504650769,0.036524798843934045,0,C
split,stage,1,cov_failure,20785,246,0.5,0.4404725161669606,0.5703250737660944,0.031973626854872324,0,C
split,stage,2,cov_failure,20549,258,0.35658914728682173,0.29757568429016135,0.4196278511404562,0.031116724321359476,0,C
split,stage,3,cov_failure,20118,425,0.2635294117647059,0.21897810218978103,0.3030946494378877,0.0213865015224499,0,C
split,stage,4,cov_failure,19545,1000,0.304,0.2740793942403178,0.33761233830335513,0.015735688169630554,0,C
split,stage,0,set_size,20789,198,1.0309779210159218,1.0229611616955767,1.0436186980372741,0.0054494243649769155,0,C
split,stage,1,set_size,20785,246,1.0332932403175368,1.0271132409016315,1.0445232431795735,0.004672223052304722,0,C
split,stage,2,set_size,20549,258,1.0272519344007007,1.0201039348465244,1.035065589706619,0.004018605555179244,0,C
split,stage,3,set_size,20118,425,1.0330052689134108,1.0255979636600536,1.0428916060487106,0.0048310479490409845,0,C
split,stage,4,set_size,19545,1000,1.0367357380404196,1.0274802892505743,1.0494041908651668,0.005652950552494565,0,C
split,stage,0,singleton,20789,198,0.9690220789840781,0.9563813019627256,0.9770388383044235,0.005449424364976911,0,C
split,stage,1,singleton,20785,246,0.9667067596824633,0.9554767568204263,0.9728867590983685,0.004672223052304724,0,C
split,stage,2,singleton,20549,258,0.9727480655992993,0.964934410293381,0.9798960651534756,0.0040186055551792435,0,C
split,stage,3,singleton,20118,425,0.9669947310865892,0.9571083939512895,0.9744020363399465,0.0048310479490409845,0,C
split,stage,4,singleton,19545,1000,0.9632642619595805,0.9505958091348331,0.9725197107494257,0.005652950552494559,0,C
split,stage,0,doubleton,20789,198,0.03097792101592188,0.022961161695576587,0.043618698037274306,0.005449424364976913,0,C
split,stage,1,doubleton,20785,246,0.033293240317536686,0.02711324090163143,0.04452324317957363,0.004672223052304718,0,C
split,stage,2,doubleton,20549,258,0.027251934400700763,0.020103934846524403,0.03506558970661903,0.004018605555179237,0,C
split,stage,3,doubleton,20118,425,0.03300526891341088,0.025597963660053517,0.042891606048710396,0.004831047949040983,0,C
split,stage,4,doubleton,19545,1000,0.03673573804041955,0.0274802892505743,0.04940419086516692,0.005652950552494559,0,C
split,stage,0,empty,20789,198,0.0,0.0,0.0,0.0,0,C
split,stage,1,empty,20785,246,0.0,0.0,0.0,0.0,0,C
split,stage,2,empty,20549,258,0.0,0.0,0.0,0.0,0,C
split,stage,3,empty,20118,425,0.0,0.0,0.0,0.0,0,C
split,stage,4,empty,19545,1000,0.0,0.0,0.0,0.0,0,C
split,stage,0,alert_rate,20789,198,0.11169368415989225,0.10351967330453299,0.12165400297609548,0.004722889403463819,0,C
split,stage,1,alert_rate,20785,246,0.10637478951166707,0.09950036474841893,0.11765884836134245,0.0045671424703451905,0,C
split,stage,2,alert_rate,20549,258,0.0963063896053336,0.09041391742833896,0.10410670209209981,0.0036003114960724064,0,C
split,stage,3,alert_rate,20118,425,0.11268515757033502,0.10594530132419522,0.12186610671898981,0.004146081338688475,0,C
split,stage,4,alert_rate,19545,1000,0.20700946533640316,0.19935622611912635,0.217013995980789,0.004561968330092006,0,C
mondrian_both,all,all,coverage,101786,2127,0.8996030888334349,0.8959953006308087,0.9035897893681507,0.0020810536376988024,0,C
mondrian_both,all,all,cov_healthy,101786,2127,0.8993367382775264,0.8957121860887998,0.9033620654894604,0.002122359240626204,0,C
mondrian_both,all,all,cov_failure,101786,2127,0.9120827456511519,0.8951007462538872,0.929410218281693,0.009053783930176392,0,C
mondrian_both,all,all,set_size,101786,2127,1.6947222604287426,1.6756603980852662,1.7205593873090193,0.01154609660693721,0,C
mondrian_both,all,all,singleton,101786,2127,0.30527773957125737,0.27944061269098075,0.324339601914734,0.011546096606937206,0,C
mondrian_both,all,all,doubleton,101786,2127,0.6947222604287426,0.675660398085266,0.7205593873090193,0.011546096606937202,0,C
mondrian_both,all,all,empty,101786,2127,0.0,0.0,0.0,0.0,0,C
mondrian_both,all,all,alert_rate,101786,2127,0.7986658283064468,0.779789832636014,0.8236144189498047,0.011433146663470199,0,C
mondrian_both,stage,0,coverage,20789,198,0.8999951897638174,0.8931497641745442,0.9067617687746361,0.003414982589126498,0,C
mondrian_both,stage,1,coverage,20785,246,0.8966562424825595,0.8897258234400188,0.9048359681495851,0.0038145058913361322,0,C
mondrian_both,stage,2,coverage,20549,258,0.9040829237432478,0.896431113333896,0.9116591636597683,0.003841919980251935,0,C
mondrian_both,stage,3,coverage,20118,425,0.9005865394174372,0.8937088733464617,0.906322413622661,0.003428255172368589,0,C
mondrian_both,stage,4,coverage,19545,1000,0.8965975952929138,0.890540730971545,0.9041492214005977,0.005839953978595209,0,C
mondrian_both,stage,0,cov_healthy,20789,198,0.9003448108396872,0.8933343003759764,0.9070400819082874,0.003444147780227467,0,C
mondrian_both,stage,1,cov_healthy,20785,246,0.8961974779687424,0.8892083982391762,0.9045878941925118,0.00386354192732537,0,C
mondrian_both,stage,2,cov_healthy,20549,258,0.9037997141589867,0.8960510361173953,0.9116818506940362,0.0039091954482070755,0,C
mondrian_both,stage,3,cov_healthy,20118,425,0.9001167927690042,0.8931319200032033,0.9060824721339488,0.0034624475988281,0,C
mondrian_both,stage,4,cov_healthy,19545,1000,0.8959827446751146,0.8895997541216997,0.9039584498974846,0.0061080399438168745,0,C
mondrian_both,stage,0,cov_failure,20789,198,0.8636363636363636,0.7966781874039938,0.9492506309729745,0.03714571071968595,0,C
mondrian_both,stage,1,cov_failure,20785,246,0.9349593495934959,0.8879875,0.9796000327841979,0.023521805413530238,0,C
mondrian_both,stage,2,cov_failure,20549,258,0.9263565891472868,0.8843183635394457,0.9682539682539683,0.022107543500126784,0,C
mondrian_both,stage,3,cov_failure,20118,425,0.9223529411764706,0.8661790907523421,0.9569199649556792,0.02441740036490995,0,C
mondrian_both,stage,4,cov_failure,19545,1000,0.908,0.8855659747907692,0.9314145742708646,0.012155899391603747,0,C
mondrian_both,stage,0,set_size,20789,198,1.6671797585261436,1.6105528305424277,1.7552793600704455,0.03317610293644324,0,C
mondrian_both,stage,1,set_size,20785,246,1.6602357469328843,1.6156449957129895,1.7405985819644667,0.029591982115298433,0,C
mondrian_both,stage,2,set_size,20549,258,1.7289405810501728,1.6892147288968549,1.7974820663578386,0.028821663851950806,0,C
mondrian_both,stage,3,set_size,20118,425,1.6914206183517249,1.634142715412164,1.7183742963750872,0.022487432997720574,0,C
mondrian_both,stage,4,set_size,19545,1000,1.7281146073164493,1.7055669247689058,1.7530603569728238,0.012379845692096055,0,C
mondrian_both,stage,0,singleton,20789,198,0.33282024147385636,0.2447206399295544,0.38944716945757235,0.033176102936443214,0,C
mondrian_both,stage,1,singleton,20785,246,0.3397642530671157,0.25940141803553324,0.38435500428701064,0.029591982115298437,0,C
mondrian_both,stage,2,singleton,20549,258,0.27105941894982727,0.2025179336421614,0.3107852711031449,0.02882166385195081,0,C
mondrian_both,stage,3,singleton,20118,425,0.3085793816482752,0.2816257036249128,0.365857284587836,0.022487432997720564,0,C
mondrian_both,stage,4,singleton,19545,1000,0.2718853926835508,0.2469396430271762,0.29443307523109435,0.012379845692096065,0,C
mondrian_both,stage,0,doubleton,20789,198,0.6671797585261436,0.6105528305424277,0.7552793600704456,0.033176102936443234,0,C
mondrian_both,stage,1,doubleton,20785,246,0.6602357469328843,0.6156449957129894,0.7405985819644667,0.029591982115298385,0,C
mondrian_both,stage,2,doubleton,20549,258,0.7289405810501728,0.6892147288968551,0.7974820663578386,0.028821663851950816,0,C
mondrian_both,stage,3,doubleton,20118,425,0.6914206183517249,0.634142715412164,0.7183742963750872,0.022487432997720557,0,C
mondrian_both,stage,4,doubleton,19545,1000,0.7281146073164492,0.7055669247689056,0.7530603569728238,0.012379845692096068,0,C
mondrian_both,stage,0,empty,20789,198,0.0,0.0,0.0,0.0,0,C
mondrian_both,stage,1,empty,20785,246,0.0,0.0,0.0,0.0,0,C
mondrian_both,stage,2,empty,20549,258,0.0,0.0,0.0,0.0,0,C
mondrian_both,stage,3,empty,20118,425,0.0,0.0,0.0,0.0,0,C
mondrian_both,stage,4,empty,19545,1000,0.0,0.0,0.0,0.0,0,C
mondrian_both,stage,0,alert_rate,20789,198,0.7699264033864063,0.7140135435769241,0.859051807589937,0.03314021352586463,0,C
mondrian_both,stage,1,alert_rate,20785,246,0.7688717825354823,0.7252941275631986,0.8485026801818674,0.029537125621955103,0,C
mondrian_both,stage,2,alert_rate,20549,258,0.8285074699498759,0.7854617574942684,0.89736027144909,0.028894635595020247,0,C
mondrian_both,stage,3,alert_rate,20118,425,0.7945620837061338,0.7393683119609942,0.8220132176363675,0.0223317052817664,0,C
mondrian_both,stage,4,alert_rate,19545,1000,0.8337682271680736,0.8140967098541557,0.857007136853725,0.011241337529999885,0,C
