condition,held_out,n_train,n_test,n_pos_test,vendor,zscore_dynamics,rank_dynamics,per_drive_dynamics,zscore_last
all_others,MA1,150000,25947,431,A,0.6353,0.548,0.7197,0.5101
all_others,MA2,150000,111369,252,A,0.5819,0.4917,0.5786,0.4538
all_others,MB1,150000,49887,622,B,0.53,0.4702,0.5721,0.4164
all_others,MB2,150000,52434,283,B,0.577,0.5585,0.5668,0.5317
all_others,MC1,150000,246300,4890,C,0.4108,0.5172,0.5724,0.4075
all_others,MC2,150000,19189,528,C,0.5524,0.5402,0.4769,0.6034
same_vendor,MA1,88974,25947,431,A,0.5746,0.562,0.4722,0.5575
same_vendor,MA2,20722,111369,252,A,0.4976,0.5022,0.5605,0.5027
same_vendor,MB1,41942,49887,622,B,0.5005,0.5017,0.5347,0.3901
same_vendor,MB2,39943,52434,283,B,0.5513,0.5392,0.503,0.5774
same_vendor,MC1,15365,246300,4890,C,0.529,0.5114,0.5067,0.5168
same_vendor,MC2,150000,19189,528,C,0.5377,0.4939,0.4676,0.5825
