tag,scorer,stage,brier,ece,logloss,auc,mean_pred,obs_rate
r2p7,raw,all,0.19820238774288068,0.405648911514408,0.5764112099034407,0.6986258342259177,0.42035524789741074,0.014706336383002809
r2p7,raw,0,0.23281654526924292,0.44974791958745114,NaN,NaN,0.4587701339471772,0.009022214359726048
r2p7,raw,1,0.24172986276689282,0.4686891216030099,NaN,NaN,0.4842914813628939,0.015602359759884082
r2p7,raw,2,0.24248140725879938,0.456978831384386,NaN,NaN,0.4816980504460004,0.02471921906161436
r2p7,raw,3,0.18573376638251968,0.384669570472974,NaN,NaN,0.40232084884567476,0.017651278372700724
r2p7,raw,4,0.08910307366553269,0.26920352609815,NaN,NaN,0.2760533683208853,0.006849842222735319
r2p7,platt,all,0.013977869070429897,0.0023824707290508,0.071038457815062,0.6986258342259177,0.014929941659493363,0.014706336383002809
r2p7,platt,0,0.008932049343726902,0.008761093313167014,NaN,NaN,0.017609868485550385,0.009022214359726048
r2p7,platt,1,0.013617055785708185,0.00544024068115962,NaN,NaN,0.019841932149035475,0.015602359759884082
r2p7,platt,2,0.023841019380045958,0.007866113699009582,NaN,NaN,0.017899887280048668,0.02471921906161436
r2p7,platt,3,0.01701142673590986,0.0076323199976520845,NaN,NaN,0.013513683614880527,0.017651278372700724
r2p7,platt,4,0.00677722079009026,0.0018913804955227455,NaN,NaN,0.005853846731076068,0.006849842222735319
r2p7,isotonic,all,0.013960415760589331,0.001562867640788146,0.07085907548809772,0.6988032294353891,0.014912752864161001,0.014706336383002809
r2p7,isotonic,0,0.008941881446534,0.008260382840704683,NaN,NaN,0.01720804841758228,0.009022214359726048
r2p7,isotonic,1,0.0135640374955206,0.0037730373560967176,NaN,NaN,0.019321528371105207,0.015602359759884082
r2p7,isotonic,2,0.023811986961999567,0.008474868216284894,NaN,NaN,0.017565126118181208,0.02471921906161436
r2p7,isotonic,3,0.016992624454479334,0.007530484671656365,NaN,NaN,0.01402465827917684,0.017651278372700724
r2p7,isotonic,4,0.0067800032810641534,0.0019833107355424783,NaN,NaN,0.006507620318953659,0.006849842222735319
