method,grouping,group,stat,n_windows,n_fail_windows,point,lo,hi,se,n_nan,tag
-,all,all,auc,97268,2872,0.6770182208749934,0.667952149903237,0.686590069158042,0.004867900993937385,0,r1
split,all,all,coverage,97268,2872,0.896307110252087,0.89231012315885,0.9006568749041672,0.0021304636845322906,0,r1
split,all,all,cov_failure,97268,2872,0.7851671309192201,0.7705661520704084,0.8010507880910683,0.007631299961787908,0,r1
split,all,all,set_size,97268,2872,1.4602233005716165,1.4518946035188582,1.4702118012987364,0.004790323521384112,0,r1
split,stage,0,coverage,20058,321,0.8810948250074783,0.8743510360702147,0.8875794139003595,0.0033717821278421117,0,r1
split,stage,1,coverage,19423,507,0.9011481233589044,0.8953309003611122,0.907292252592911,0.0030313851096058393,0,r1
split,stage,2,coverage,19201,692,0.8937034529451591,0.8874914692723321,0.8994221594129949,0.0032194623841447258,0,r1
split,stage,3,coverage,18756,1034,0.8695350821070591,0.8619101390275341,0.8770046213642813,0.003939109230495969,0,r1
split,stage,4,coverage,19830,318,0.9347957639939486,0.9292643932085034,0.9404494697354489,0.0028252804485838687,0,r1
split,stage,0,cov_failure,20058,321,0.8099688473520249,0.7685061825148032,0.8507986439608956,0.02121254368718008,0,r1
split,stage,1,cov_failure,19423,507,0.8599605522682445,0.8283906882591093,0.8906301173580786,0.015776726265084594,0,r1
split,stage,2,cov_failure,19201,692,0.8251445086705202,0.7975206611570248,0.8537272498268152,0.014314696929505438,0,r1
split,stage,3,cov_failure,18756,1034,0.8713733075435203,0.8525819946646843,0.8933985988612259,0.010387363305925868,0,r1
split,stage,4,cov_failure,19830,318,0.27358490566037735,0.22382304007605677,0.32107919254658385,0.024278344878095905,0,r1
split,stage,0,set_size,20058,321,1.5556885033403132,1.5457802780765806,1.5661569031719516,0.005150526412913647,0,r1
split,stage,1,set_size,19423,507,1.579313185398754,1.570835608526402,1.589950001044796,0.0049153549222439065,0,r1
split,stage,2,set_size,19201,692,1.5992396229363055,1.590617233969286,1.6099709553711932,0.004915736749736793,0,r1
split,stage,3,set_size,18756,1034,1.505065045851994,1.4916650619698666,1.5204956958920446,0.007380843585765433,0,r1
split,stage,4,set_size,19830,318,1.069994957135653,1.063751650589273,1.0777312064069138,0.0035875449540984793,0,r1
mondrian_both,all,all,coverage,97268,2872,0.8974277254595551,0.8931089947993139,0.9054386082506648,0.003272191293138803,0,r1
mondrian_both,all,all,cov_failure,97268,2872,0.9004178272980501,0.8822070569850976,0.9158487730340407,0.008900057426069594,0,r1
mondrian_both,all,all,set_size,97268,2872,1.656135625282724,1.6300926454102553,1.6754896043669316,0.01135980633109476,0,r1
mondrian_both,stage,0,coverage,20058,321,0.8925117160235317,0.8848938256655141,0.900856467679814,0.003987772726475337,0,r1
mondrian_both,stage,1,coverage,19423,507,0.9010451526540699,0.8951613761453906,0.9096988478600667,0.0035723291245499215,0,r1
mondrian_both,stage,2,coverage,19201,692,0.9018801104109161,0.8944046974861878,0.9093457374537187,0.003777423693930022,0,r1
mondrian_both,stage,3,coverage,18756,1034,0.8969396459799531,0.8872600532433748,0.9034178911480227,0.0039618531832512115,0,r1
mondrian_both,stage,4,coverage,19830,318,0.8950075642965204,0.8804036834838744,0.9298065902203415,0.0141440565120171,0,r1
mondrian_both,stage,0,cov_failure,20058,321,0.940809968847352,0.894578072674083,0.9711584394904459,0.019532939973751103,0,r1
mondrian_both,stage,1,cov_failure,19423,507,0.8816568047337278,0.8420951026214184,0.9100452859970435,0.017333839896299146,0,r1
mondrian_both,stage,2,cov_failure,19201,692,0.8945086705202312,0.8518491602067183,0.9300334114109624,0.019723259929482703,0,r1
mondrian_both,stage,3,cov_failure,18756,1034,0.8916827852998066,0.8654539315833446,0.9226813212019267,0.015052537896617134,0,r1
mondrian_both,stage,4,cov_failure,19830,318,0.9308176100628931,0.8438169301376848,0.9676313932776608,0.033187220937012644,0,r1
mondrian_both,stage,0,set_size,20058,321,1.7170206401435837,1.678070511137906,1.7435639191235022,0.019590824216709136,0,r1
mondrian_both,stage,1,set_size,19423,507,1.6116459867167792,1.5759176448387753,1.6388237544317605,0.015667357262694626,0,r1
mondrian_both,stage,2,set_size,19201,692,1.6852247278787562,1.645132706903679,1.7284925929970296,0.01994653795184366,0,r1
mondrian_both,stage,3,set_size,18756,1034,1.5547558114736617,1.531443333664311,1.5804606625498037,0.01247734293713392,0,r1
mondrian_both,stage,4,set_size,19830,318,1.705849722642461,1.6234300711048333,1.772025790021001,0.04395140935005505,0,r1
-,all,all,auc,194338,2858,0.6986258342259177,0.6888787990285054,0.7080490983566061,0.004956045737810835,0,r2p7
split,all,all,coverage,194338,2858,0.9237153824779508,0.9221248190258693,0.9253818366971089,0.0008424123513948911,0,r2p7
split,all,all,cov_failure,194338,2858,0.8397480755773268,0.8257320051080826,0.8535993131912188,0.007021478379097452,0,r2p7
split,all,all,set_size,194338,2858,1.5128796221016991,1.5072457801455448,1.5184374125104834,0.0029746218542812276,0,r2p7
split,stage,0,coverage,39569,357,0.9124567211706134,0.908717342967171,0.9161198137080526,0.0019273812090167416,0,r2p7
split,stage,1,coverage,38648,603,0.919245497826537,0.9158239690623179,0.9223716059489064,0.0016728691537671284,0,r2p7
split,stage,2,coverage,38108,942,0.9101763409257898,0.9068516724367146,0.9133563729172635,0.001671861695996603,0,r2p7
split,stage,3,coverage,39034,689,0.9065173950914587,0.9030913129781056,0.9100510532755256,0.0017612524422578196,0,r2p7
split,stage,4,coverage,38979,267,0.9700351471305062,0.9676559600928804,0.9723699168633951,0.0012647362770566897,0,r2p7
split,stage,0,cov_failure,39569,357,0.8795518207282913,0.8435659151763578,0.9108262548262548,0.017384261724156583,0,r2p7
split,stage,1,cov_failure,38648,603,0.9054726368159204,0.8807362793990793,0.9293112818590705,0.012175260633914692,0,r2p7
split,stage,2,cov_failure,38108,942,0.9087048832271762,0.8903687673601656,0.9263311490291193,0.009432686249198333,0,r2p7
split,stage,3,cov_failure,39034,689,0.865021770682148,0.8398805281639952,0.8913649025069638,0.01311959096647668,0,r2p7
split,stage,4,cov_failure,38979,267,0.3295880149812734,0.2759227561992539,0.3875125,0.02910751928421596,0,r2p7
split,stage,0,set_size,39569,357,1.6725466905911193,1.6672743629104363,1.6779560986966293,0.0026376458738173103,0,r2p7
split,stage,1,set_size,38648,603,1.6900227696129166,1.6849442720498187,1.6948596285537543,0.002473531387923912,0,r2p7
split,stage,2,set_size,38108,942,1.6944998425527449,1.6892658900608326,1.699239010534354,0.0024726014100354254,0,r2p7
split,stage,3,set_size,39034,689,1.4326228416252498,1.4221741782270743,1.4428359379878664,0.00514066820304152,0,r2p7
split,stage,4,set_size,38979,267,1.077965058108212,1.0733351291887274,1.082919761838921,0.002426006373717377,0,r2p7
mondrian_both,all,all,coverage,194338,2858,0.9112525599728308,0.9088119635181041,0.9135443741474781,0.0012009714201991683,0,r2p7
mondrian_both,all,all,cov_failure,194338,2858,0.8960811756473058,0.8792999541690855,0.9097451746245768,0.00790599688826951,0,r2p7
mondrian_both,all,all,set_size,194338,2858,1.6329642169827825,1.6124743029944237,1.6553207094800741,0.010754020000411533,0,r2p7
mondrian_both,stage,0,coverage,39569,357,0.9126841719527913,0.9087474947413446,0.9163531616044228,0.001934750904112631,0,r2p7
mondrian_both,stage,1,coverage,38648,603,0.9192972469468019,0.9158420674989386,0.922449380426575,0.0016858832092960367,0,r2p7
mondrian_both,stage,2,coverage,38108,942,0.9101763409257898,0.90674699590651,0.9132516214122787,0.0016846279160042785,0,r2p7
mondrian_both,stage,3,coverage,39034,689,0.9069529128452118,0.9035710411766084,0.9103790717628891,0.0017526675886806642,0,r2p7
mondrian_both,stage,4,coverage,38979,267,0.9071807896559686,0.8979969184711022,0.9157171849086259,0.004637401536886207,0,r2p7
mondrian_both,stage,0,cov_failure,39569,357,0.9047619047619048,0.8452722063037249,0.9397598246388696,0.024483224386536665,0,r2p7
mondrian_both,stage,1,cov_failure,38648,603,0.9087893864013267,0.8685894326522979,0.9430940427718703,0.019343426975439306,0,r2p7
mondrian_both,stage,2,cov_failure,38108,942,0.9087048832271762,0.8825977776382697,0.9271392211101419,0.011367136735324499,0,r2p7
mondrian_both,stage,3,cov_failure,39034,689,0.8896952104499274,0.8534479468281126,0.9153118337170273,0.015549415895949768,0,r2p7
mondrian_both,stage,4,cov_failure,38979,267,0.8277153558052435,0.780300949050949,0.9017111361228813,0.03067034214224654,0,r2p7
mondrian_both,stage,0,set_size,39569,357,1.7046425231873437,1.6549654825555304,1.734916729018536,0.023163590781707842,0,r2p7
mondrian_both,stage,1,set_size,38648,603,1.6946025667563651,1.6492965868290395,1.7387089507633366,0.024099582832167628,0,r2p7
mondrian_both,stage,2,set_size,38108,942,1.6906686260102866,1.666968681868688,1.7106843064443196,0.011879544605072814,0,r2p7
mondrian_both,stage,3,set_size,39034,689,1.4569349797612339,1.4268465963452555,1.4820907839334265,0.014230638684749816,0,r2p7
mondrian_both,stage,4,set_size,38979,267,1.618948664665589,1.5693698440521169,1.723512816422188,0.03705701089160212,0,r2p7
-,all,all,auc,327386,2884,0.7094455707147325,0.7001759108206818,0.718554046754198,0.004789800637493857,0,r5
split,all,all,coverage,327386,2884,0.9249295938128081,0.9236189892310104,0.9260777497681322,0.000659340357248075,0,r5
split,all,all,cov_failure,327386,2884,0.8370319001386962,0.8229984208563816,0.850812186415855,0.006897699941182787,0,r5
split,all,all,set_size,327386,2884,1.4968813571747113,1.4922516853273846,1.501390111666587,0.002298171642171537,0,r5
split,stage,0,coverage,65880,405,0.9141924711596843,0.9113551830695759,0.9168565456959398,0.001383011763708667,0,r5
split,stage,1,coverage,64423,656,0.9206339350852957,0.9178727460515123,0.923091613408076,0.0013197414243933888,0,r5
split,stage,2,coverage,64124,949,0.9040296924708378,0.9013117686928849,0.906859745024758,0.0014115055447091467,0,r5
split,stage,3,coverage,65162,595,0.906110923544397,0.9036152900190304,0.9089802876229169,0.0014140263444706225,0,r5
split,stage,4,coverage,67797,279,0.977299880525687,0.9755821396229041,0.978852318802409,0.0008289791370179317,0,r5
split,stage,0,cov_failure,65880,405,0.8765432098765432,0.8420988602894096,0.9082817374042914,0.016682934840802032,0,r5
split,stage,1,cov_failure,64423,656,0.8917682926829268,0.8673107554611651,0.914465434467836,0.012055554662531586,0,r5
split,stage,2,cov_failure,64124,949,0.9199157007376185,0.9009700552015485,0.938371093033686,0.00927466601507592,0,r5
split,stage,3,cov_failure,65162,595,0.8521008403361344,0.8237158868100793,0.8803493751014446,0.014749360167326368,0,r5
split,stage,4,cov_failure,67797,279,0.33691756272401435,0.2806943456614509,0.3914673739841717,0.028917987139449566,0,r5
split,stage,0,set_size,65880,405,1.6734061930783242,1.669518837926186,1.6772153817723425,0.001934536147672446,0,r5
split,stage,1,set_size,64423,656,1.6828772332862487,1.6790450157420127,1.6866721503088467,0.0019366517456312672,0,r5
split,stage,2,set_size,64124,949,1.6998315763208782,1.6959353567915432,1.7037126328528547,0.001963301376704181,0,r5
split,stage,3,set_size,65162,595,1.3848408581688714,1.3770063364475968,1.3923798623066332,0.0038177028590639303,0,r5
split,stage,4,set_size,67797,279,1.0643391300500022,1.061024604786051,1.068075797915071,0.0017983413154865336,0,r5
mondrian_both,all,all,coverage,327386,2884,0.9095043770961495,0.9072649067472167,0.9113171354667282,0.0011122896392508808,0,r5
mondrian_both,all,all,cov_failure,327386,2884,0.8987517337031901,0.8822297399057614,0.9175550995002888,0.009100843681126153,0,r5
mondrian_both,all,all,set_size,327386,2884,1.6445877343563866,1.620409115339424,1.6666514219992667,0.011908599350477377,0,r5
mondrian_both,stage,0,coverage,65880,405,0.9144353369763206,0.9116119095950086,0.9169656686624177,0.0013853287698510647,0,r5
mondrian_both,stage,1,coverage,64423,656,0.9206339350852957,0.9173084382834711,0.9230473275421524,0.003462142647114249,0,r5
mondrian_both,stage,2,coverage,64124,949,0.9036866071985528,0.9010061099220733,0.9066208138026797,0.0014400527652397041,0,r5
mondrian_both,stage,3,coverage,65162,595,0.9064178508946932,0.9038738025719796,0.9093608062201712,0.0014226559476742892,0,r5
mondrian_both,stage,4,coverage,67797,279,0.9026063100137174,0.8957072206605975,0.9096904107151627,0.00360475919395247,0,r5
mondrian_both,stage,0,cov_failure,65880,405,0.9160493827160494,0.8585515419197097,0.9483237433069608,0.02276260934151457,0,r5
mondrian_both,stage,1,cov_failure,64423,656,0.8917682926829268,0.8569254185692542,0.9214199170459025,0.016727683498961973,0,r5
mondrian_both,stage,2,cov_failure,64124,949,0.8967334035827187,0.8664409597862835,0.9292034889073,0.016343518951351287,0,r5
mondrian_both,stage,3,cov_failure,65162,595,0.8857142857142857,0.8436363751030087,0.9345468361425808,0.025051578013358795,0,r5
mondrian_both,stage,4,cov_failure,67797,279,0.9247311827956989,0.888022144815623,0.9606320303712036,0.0184854450693455,0,r5
mondrian_both,stage,0,set_size,65880,405,1.7268973891924713,1.6571790585216597,1.7601071292846822,0.02700533477498157,0,r5
mondrian_both,stage,1,set_size,64423,656,1.6838396224950716,1.6307223410442444,1.744950231531332,0.02481653543134948,0,r5
mondrian_both,stage,2,set_size,64124,949,1.6765173725906057,1.6507903875217833,1.701442736240898,0.013628511690677315,0,r5
mondrian_both,stage,3,set_size,65162,595,1.4358368374205825,1.3847241959390852,1.5167554199736708,0.03246606116939072,0,r5
mondrian_both,stage,4,set_size,67797,279,1.6977447379677566,1.6364858992138076,1.7684713231514964,0.03350662271680968,0,r5
