tag,scorer,bin,mean_pred,obs_rate,n
r2p7,raw,0,0.09856848656686004,0.0019296079036739734,12956
r2p7,raw,1,0.2203878241814839,0.004013584439641865,12956
r2p7,raw,2,0.2418915706346335,0.004245137388082742,12956
r2p7,raw,3,0.2649976556939873,0.00509416486569929,12956
r2p7,raw,4,0.341826207264089,0.010419882679839457,12956
r2p7,raw,5,0.41561384871100776,0.0086446434084594,12956
r2p7,raw,6,0.4684667143408998,0.011268910157456005,12956
r2p7,raw,7,0.49901878686058926,0.015514047545538746,12956
r2p7,raw,8,0.5122691172443827,0.010265514047545539,12956
r2p7,raw,9,0.5127421423281407,0.013507255325717815,12956
r2p7,raw,10,0.5127421423281407,0.018292682926829267,12956
r2p7,raw,11,0.5127421423281407,0.020067922198209322,12956
r2p7,raw,12,0.5167691346651392,0.017983945662241433,12956
r2p7,raw,13,0.5448625786477429,0.022693940563489,12955
r2p7,raw,14,0.6424571194601754,0.05665766113469703,12955
r2p7,platt,0,0.001205103940184646,0.0019296079036739734,12956
r2p7,platt,1,0.0032668132211781695,0.004013584439641865,12956
r2p7,platt,2,0.003820250308418329,0.004245137388082742,12956
r2p7,platt,3,0.004498936731210086,0.00509416486569929,12956
r2p7,platt,4,0.007306659584794444,0.010419882679839457,12956
r2p7,platt,5,0.010907489972411956,0.0086446434084594,12956
r2p7,platt,6,0.014398387673467985,0.011268910157456005,12956
r2p7,platt,7,0.016850274588704993,0.015514047545538746,12956
r2p7,platt,8,0.01803195579460366,0.010265514047545539,12956
r2p7,platt,9,0.018075837320573603,0.013507255325717815,12956
r2p7,platt,10,0.018075837320573603,0.018292682926829267,12956
r2p7,platt,11,0.018075837320573603,0.020067922198209322,12956
r2p7,platt,12,0.018465739690562588,0.017983945662241433,12956
r2p7,platt,13,0.021354251653194403,0.022693940563489,12955
r2p7,platt,14,0.04961892307323024,0.05665766113469703,12955
r2p7,isotonic,0,0.0013511568323291735,0.002238345168261809,12956
r2p7,isotonic,1,0.003179449555090298,0.004553874652670578,12956
r2p7,isotonic,2,0.0040192004708661105,0.004090768755788824,12956
r2p7,isotonic,3,0.006091849403604382,0.004245137388082742,12956
r2p7,isotonic,4,0.009101484471314966,0.008876196356900278,12956
r2p7,isotonic,5,0.01042461997171606,0.009648039518369867,12956
r2p7,isotonic,6,0.013180312290393683,0.011963569002778635,12956
r2p7,isotonic,7,0.014670042436375859,0.015514047545538746,12956
r2p7,isotonic,8,0.015917446524062035,0.008876196356900278,12956
r2p7,isotonic,9,0.015917446524064176,0.015822784810126583,12956
r2p7,isotonic,10,0.015917446524064176,0.01813831429453535,12956
r2p7,isotonic,11,0.015917446524064176,0.01960481630132757,12956
r2p7,isotonic,12,0.01712764398554586,0.01821549861068231,12956
r2p7,isotonic,13,0.022591477235484287,0.02138170590505596,12955
r2p7,isotonic,14,0.058288210795587214,0.05742956387495175,12955
