normalize,flatten,auc_A,nfeat_A,auc_B,nfeat_B,auc_C,nfeat_C,auc_lomo_mean
zscore,last,0.5804,16,0.5052,16,0.4818,16,0.5224666666666667
zscore,dynamics,0.6886,112,0.5679,112,0.4572,112,0.5712333333333333
zscore,dynamics_only,0.6362,96,0.573,96,0.5169,96,0.5753666666666667
rank,last,0.6522,16,0.5144,14,0.5733,16,0.5799666666666666
rank,dynamics,0.6068,112,0.5459,98,0.6462,112,0.5996333333333334
rank,dynamics_only,0.3924,96,0.5393,84,0.5813,96,0.5043333333333334
per_drive,last,0.5862,16,0.5149,14,0.4772,16,0.5261
per_drive,dynamics,0.5958,112,0.5898,98,0.5111,112,0.5655666666666667
per_drive,dynamics_only,0.5788,96,0.5872,84,0.5068,96,0.5576
