seed,method,stage,stat,value
42,-,all,auc,0.6986258342259177
42,-,4,vendorA_share_fail,0.9775280898876404
42,split,all,coverage,0.9237153824779508
42,split,all,cov_failure,0.8397480755773268
42,split,all,set_size,1.5128796221016991
42,split,all,n_fail,2858.0
42,split,0,coverage,0.9124567211706134
42,split,0,cov_failure,0.8795518207282913
42,split,0,set_size,1.6725466905911193
42,split,0,n_fail,357.0
42,split,1,coverage,0.919245497826537
42,split,1,cov_failure,0.9054726368159204
42,split,1,set_size,1.6900227696129166
42,split,1,n_fail,603.0
42,split,2,coverage,0.9101763409257898
42,split,2,cov_failure,0.9087048832271762
42,split,2,set_size,1.6944998425527449
42,split,2,n_fail,942.0
42,split,3,coverage,0.9065173950914587
42,split,3,cov_failure,0.865021770682148
42,split,3,set_size,1.4326228416252498
42,split,3,n_fail,689.0
42,split,4,coverage,0.9700351471305062
42,split,4,cov_failure,0.3295880149812734
42,split,4,set_size,1.077965058108212
42,split,4,n_fail,267.0
42,mondrian_class,all,coverage,0.9245335446490136
42,mondrian_class,all,cov_failure,0.8953813855843247
42,mondrian_class,all,set_size,1.6024709526700902
42,mondrian_class,all,n_fail,2858.0
42,mondrian_class,0,coverage,0.9130885288988855
42,mondrian_class,0,cov_failure,0.9495798319327731
42,mondrian_class,0,set_size,1.755692587631732
42,mondrian_class,0,n_fail,357.0
42,mondrian_class,1,coverage,0.920332229352101
42,mondrian_class,1,cov_failure,0.9751243781094527
42,mondrian_class,1,set_size,1.831297867936245
42,mondrian_class,1,n_fail,603.0
42,mondrian_class,2,coverage,0.9115146425947308
42,mondrian_class,2,cov_failure,0.9628450106157113
42,mondrian_class,2,set_size,1.8076256953920438
42,mondrian_class,2,n_fail,942.0
42,mondrian_class,3,coverage,0.9073115745247733
42,mondrian_class,3,cov_failure,0.9100145137880987
42,mondrian_class,3,set_size,1.5076343700363786
42,mondrian_class,3,n_fail,689.0
42,mondrian_class,4,coverage,0.9702916955283615
42,mondrian_class,4,cov_failure,0.36704119850187267
42,mondrian_class,4,set_size,1.1144462402832294
42,mondrian_class,4,n_fail,267.0
42,mondrian_stage,all,coverage,0.9111908118844487
42,mondrian_stage,all,cov_failure,0.8261021693491952
42,mondrian_stage,all,set_size,1.4867807634121994
42,mondrian_stage,all,n_fail,2858.0
42,mondrian_stage,0,coverage,0.9124567211706134
42,mondrian_stage,0,cov_failure,0.8795518207282913
42,mondrian_stage,0,set_size,1.6725466905911193
42,mondrian_stage,0,n_fail,357.0
42,mondrian_stage,1,coverage,0.919245497826537
42,mondrian_stage,1,cov_failure,0.9054726368159204
42,mondrian_stage,1,set_size,1.6900227696129166
42,mondrian_stage,1,n_fail,603.0
42,mondrian_stage,2,coverage,0.9101763409257898
42,mondrian_stage,2,cov_failure,0.9087048832271762
42,mondrian_stage,2,set_size,1.6944998425527449
42,mondrian_stage,2,n_fail,942.0
42,mondrian_stage,3,coverage,0.9065173950914587
42,mondrian_stage,3,cov_failure,0.865021770682148
42,mondrian_stage,3,set_size,1.4326228416252498
42,mondrian_stage,3,n_fail,689.0
42,mondrian_stage,4,coverage,0.907591267092537
42,mondrian_stage,4,cov_failure,0.18352059925093633
42,mondrian_stage,4,set_size,0.9478437107160266
42,mondrian_stage,4,n_fail,267.0
42,mondrian_both,all,coverage,0.9112525599728308
42,mondrian_both,all,cov_failure,0.8960811756473058
42,mondrian_both,all,set_size,1.6329642169827825
42,mondrian_both,all,n_fail,2858.0
42,mondrian_both,0,coverage,0.9126841719527913
42,mondrian_both,0,cov_failure,0.9047619047619048
42,mondrian_both,0,set_size,1.7046425231873437
42,mondrian_both,0,n_fail,357.0
42,mondrian_both,1,coverage,0.9192972469468019
42,mondrian_both,1,cov_failure,0.9087893864013267
42,mondrian_both,1,set_size,1.6946025667563651
42,mondrian_both,1,n_fail,603.0
42,mondrian_both,2,coverage,0.9101763409257898
42,mondrian_both,2,cov_failure,0.9087048832271762
42,mondrian_both,2,set_size,1.6906686260102866
42,mondrian_both,2,n_fail,942.0
42,mondrian_both,3,coverage,0.9069529128452118
42,mondrian_both,3,cov_failure,0.8896952104499274
42,mondrian_both,3,set_size,1.4569349797612339
42,mondrian_both,3,n_fail,689.0
42,mondrian_both,4,coverage,0.9071807896559686
42,mondrian_both,4,cov_failure,0.8277153558052435
42,mondrian_both,4,set_size,1.618948664665589
42,mondrian_both,4,n_fail,267.0
0,-,all,auc,0.7113498383549294
0,-,4,vendorA_share_fail,0.9823943661971831
0,split,all,coverage,0.9285942442633255
0,split,all,cov_failure,0.8499825965889314
0,split,all,set_size,1.5252496110292526
0,split,all,n_fail,2873.0
0,split,0,coverage,0.9172250491208626
0,split,0,cov_failure,0.8709677419354839
0,split,0,set_size,1.6851226762053504
0,split,0,n_fail,341.0
0,split,1,coverage,0.9233959818535321
0,split,1,cov_failure,0.904
0,split,1,set_size,1.705301360985094
0,split,1,n_fail,625.0
0,split,2,coverage,0.918076791494513
0,split,2,cov_failure,0.9215469613259668
0,split,2,set_size,1.7087028606015948
0,split,2,n_fail,905.0
0,split,3,coverage,0.9078766398645789
0,split,3,cov_failure,0.9108635097493036
0,split,3,set_size,1.455300465509945
0,split,3,n_fail,718.0
0,split,4,coverage,0.9744390585178152
0,split,4,cov_failure,0.323943661971831
0,split,4,set_size,1.085028234471041
0,split,4,n_fail,284.0
0,mondrian_class,all,coverage,0.9294649205057135
0,mondrian_class,all,cov_failure,0.9088061260006961
0,mondrian_class,all,set_size,1.6238524074970893
0,mondrian_class,all,n_fail,2873.0
0,mondrian_class,0,coverage,0.9180059448838732
0,mondrian_class,0,cov_failure,0.9618768328445748
0,mondrian_class,0,set_size,1.7718021058995415
0,mondrian_class,0,n_fail,341.0
0,mondrian_class,1,coverage,0.9244329228775113
0,mondrian_class,1,cov_failure,0.968
0,mondrian_class,1,set_size,1.8440181464679197
0,mondrian_class,1,n_fail,625.0
0,mondrian_class,2,coverage,0.9193662991131346
0,mondrian_class,2,cov_failure,0.9756906077348066
0,mondrian_class,2,set_size,1.8308639701044764
0,mondrian_class,2,n_fail,905.0
0,mondrian_class,3,coverage,0.9086965721540414
0,mondrian_class,3,cov_failure,0.9540389972144847
0,mondrian_class,3,set_size,1.5476618705035972
0,mondrian_class,3,n_fail,718.0
0,mondrian_class,4,coverage,0.9748888111538654
0,mondrian_class,4,cov_failure,0.3873239436619718
0,mondrian_class,4,set_size,1.1403228224476538
0,mondrian_class,4,n_fail,284.0
0,mondrian_stage,all,coverage,0.9125356771182161
0,mondrian_stage,all,cov_failure,0.8339714584058475
0,mondrian_stage,all,set_size,1.4945544095372536
0,mondrian_stage,all,n_fail,2873.0
0,mondrian_stage,0,coverage,0.9172250491208626
0,mondrian_stage,0,cov_failure,0.8709677419354839
0,mondrian_stage,0,set_size,1.6851226762053504
0,mondrian_stage,0,n_fail,341.0
0,mondrian_stage,1,coverage,0.9233959818535321
0,mondrian_stage,1,cov_failure,0.904
0,mondrian_stage,1,set_size,1.705301360985094
0,mondrian_stage,1,n_fail,625.0
0,mondrian_stage,2,coverage,0.918076791494513
0,mondrian_stage,2,cov_failure,0.9215469613259668
0,mondrian_stage,2,set_size,1.7087028606015948
0,mondrian_stage,2,n_fail,905.0
0,mondrian_stage,3,coverage,0.9078766398645789
0,mondrian_stage,3,cov_failure,0.9108635097493036
0,mondrian_stage,3,set_size,1.455300465509945
0,mondrian_stage,3,n_fail,718.0
0,mondrian_stage,4,coverage,0.8965568937084604
0,mondrian_stage,4,cov_failure,0.1619718309859155
0,mondrian_stage,4,set_size,0.9361601119384338
0,mondrian_stage,4,n_fail,284.0
0,mondrian_both,all,coverage,0.9126387157267828
0,mondrian_both,all,cov_failure,0.9178558997563523
0,mondrian_both,all,set_size,1.6652327126974478
0,mondrian_both,all,n_fail,2873.0
0,mondrian_both,0,coverage,0.9175273313517054
0,mondrian_both,0,cov_failure,0.906158357771261
0,mondrian_both,0,set_size,1.7264849614590156
0,mondrian_both,0,n_fail,341.0
0,mondrian_both,1,coverage,0.9232145171743357
0,mondrian_both,1,cov_failure,0.8928
0,mondrian_both,1,set_size,1.6755670771224886
0,mondrian_both,1,n_fail,625.0
0,mondrian_both,2,coverage,0.9181031079765257
0,mondrian_both,2,cov_failure,0.9226519337016574
0,mondrian_both,2,set_size,1.7139661570041318
0,mondrian_both,2,n_fail,905.0
0,mondrian_both,3,coverage,0.9082998307236564
0,mondrian_both,3,cov_failure,0.9331476323119777
0,mondrian_both,3,set_size,1.4920916208209902
0,mondrian_both,3,n_fail,718.0
0,mondrian_both,4,coverage,0.8965069211933436
0,mondrian_both,4,cov_failure,0.9330985915492958
0,mondrian_both,4,set_size,1.7118085053220728
0,mondrian_both,4,n_fail,284.0
1,-,all,auc,0.701894749621704
1,-,4,vendorA_share_fail,0.9738562091503268
1,split,all,coverage,0.9156977341358696
1,split,all,cov_failure,0.829580879806027
1,split,all,set_size,1.4967337044721543
1,split,all,n_fail,2887.0
1,split,0,coverage,0.9006827584456458
1,split,0,cov_failure,0.8488372093023255
1,split,0,set_size,1.6391786593568365
1,split,0,n_fail,344.0
1,split,1,coverage,0.9090862157976252
1,split,1,cov_failure,0.902555910543131
1,split,1,set_size,1.6699019101703665
1,split,1,n_fail,626.0
1,split,2,coverage,0.9018734684198045
1,split,2,cov_failure,0.8948545861297539
1,split,2,set_size,1.6714974572475034
1,split,2,n_fail,894.0
1,split,3,coverage,0.8984644715824187
1,split,3,cov_failure,0.8870292887029289
1,split,3,set_size,1.4437574071211419
1,split,3,n_fail,717.0
1,split,4,coverage,0.9669697578619512
1,split,4,cov_failure,0.3333333333333333
1,split,4,set_size,1.0723148799356979
1,split,4,n_fail,306.0
1,mondrian_class,all,coverage,0.9166786499311819
1,mondrian_class,all,cov_failure,0.8957395219951507
1,mondrian_class,all,set_size,1.6013116538959304
1,mondrian_class,all,n_fail,2887.0
1,mondrian_class,0,coverage,0.9012919109622072
1,mondrian_class,0,cov_failure,0.9186046511627907
1,mondrian_class,0,set_size,1.7446635701413742
1,mondrian_class,0,n_fail,344.0
1,mondrian_class,1,coverage,0.910144553433144
1,mondrian_class,1,cov_failure,0.9680511182108626
1,mondrian_class,1,set_size,1.8172173464119772
1,mondrian_class,1,n_fail,626.0
1,mondrian_class,2,coverage,0.9036652525625148
1,mondrian_class,2,cov_failure,0.970917225950783
1,mondrian_class,2,set_size,1.803746936839609
1,mondrian_class,2,n_fail,894.0
1,mondrian_class,3,coverage,0.8994434997681249
1,mondrian_class,3,cov_failure,0.9400278940027894
1,mondrian_class,3,set_size,1.5324109857267996
1,mondrian_class,3,n_fail,717.0
1,mondrian_class,4,coverage,0.9674721189591078
1,mondrian_class,4,cov_failure,0.39869281045751637
1,mondrian_class,4,set_size,1.1235557118456747
1,mondrian_class,4,n_fail,306.0
1,mondrian_stage,all,coverage,0.9035929250806303
1,mondrian_stage,all,cov_failure,0.8146865258053343
1,mondrian_stage,all,set_size,1.4721029602087143
1,mondrian_stage,all,n_fail,2887.0
1,mondrian_stage,0,coverage,0.9006827584456458
1,mondrian_stage,0,cov_failure,0.8488372093023255
1,mondrian_stage,0,set_size,1.6391786593568365
1,mondrian_stage,0,n_fail,344.0
1,mondrian_stage,1,coverage,0.9090862157976252
1,mondrian_stage,1,cov_failure,0.902555910543131
1,mondrian_stage,1,set_size,1.6699019101703665
1,mondrian_stage,1,n_fail,626.0
1,mondrian_stage,2,coverage,0.9018734684198045
1,mondrian_stage,2,cov_failure,0.8948545861297539
1,mondrian_stage,2,set_size,1.6714974572475034
1,mondrian_stage,2,n_fail,894.0
1,mondrian_stage,3,coverage,0.8984644715824187
1,mondrian_stage,3,cov_failure,0.8870292887029289
1,mondrian_stage,3,set_size,1.4437574071211419
1,mondrian_stage,3,n_fail,717.0
1,mondrian_stage,4,coverage,0.9077665025620416
1,mondrian_stage,4,cov_failure,0.19281045751633988
1,mondrian_stage,4,set_size,0.9518486888375364
1,mondrian_stage,4,n_fail,306.0
1,mondrian_both,all,coverage,0.9040962221902669
1,mondrian_both,all,cov_failure,0.9033598891582958
1,mondrian_both,all,set_size,1.6442151646500545
1,mondrian_both,all,n_fail,2887.0
1,mondrian_both,0,coverage,0.9011650041879236
1,mondrian_both,0,cov_failure,0.9040697674418605
1,mondrian_both,0,set_size,1.7271758166450926
1,mondrian_both,0,n_fail,344.0
1,mondrian_both,1,coverage,0.9092152813629324
1,mondrian_both,1,cov_failure,0.9105431309904153
1,mondrian_both,1,set_size,1.692049561177078
1,mondrian_both,1,n_fail,626.0
1,mondrian_both,2,coverage,0.9017417195857816
1,mondrian_both,2,cov_failure,0.889261744966443
1,mondrian_both,2,set_size,1.6641195225422254
1,mondrian_both,2,n_fail,894.0
1,mondrian_both,3,coverage,0.8992373885711341
1,mondrian_both,3,cov_failure,0.9288702928870293
1,mondrian_both,3,set_size,1.4957231926624415
1,mondrian_both,3,n_fail,717.0
1,mondrian_both,4,coverage,0.9089972872500753
1,mondrian_both,4,cov_failure,0.869281045751634
1,mondrian_both,4,set_size,1.6413644127398774
1,mondrian_both,4,n_fail,306.0
2,-,all,auc,0.7031503245237245
2,-,4,vendorA_share_fail,0.9776951672862454
2,split,all,coverage,0.9169124902488544
2,split,all,cov_failure,0.8274413720686035
2,split,all,set_size,1.485320328361756
2,split,all,n_fail,2857.0
2,split,0,coverage,0.9029237970992249
2,split,0,cov_failure,0.8796791443850267
2,split,0,set_size,1.6301383879466913
2,split,0,n_fail,374.0
2,split,1,coverage,0.9127231216272312
2,split,1,cov_failure,0.8872053872053872
2,split,1,set_size,1.6624896222498962
2,split,1,n_fail,594.0
2,split,2,coverage,0.9017617516541333
2,split,2,cov_failure,0.9010011123470523
2,split,2,set_size,1.6661972205245397
2,split,2,n_fail,899.0
2,split,3,coverage,0.8996318641987934
2,split,3,cov_failure,0.8668515950069348
2,split,3,set_size,1.4186010839554146
2,split,3,n_fail,721.0
2,split,4,coverage,0.9667951302927439
2,split,4,cov_failure,0.27137546468401486
2,split,4,set_size,1.0594165539419618
2,split,4,n_fail,269.0
2,mondrian_class,all,coverage,0.9180903769754142
2,mondrian_class,all,cov_failure,0.9072453622681134
2,mondrian_class,all,set_size,1.600241776749136
2,mondrian_class,all,n_fail,2857.0
2,mondrian_class,0,coverage,0.903665617885555
2,mondrian_class,0,cov_failure,0.9572192513368984
2,mondrian_class,0,set_size,1.744148568797483
2,mondrian_class,0,n_fail,374.0
2,mondrian_class,1,coverage,0.9139943960149439
2,mondrian_class,1,cov_failure,0.9696969696969697
2,mondrian_class,1,set_size,1.818986093814861
2,mondrian_class,1,n_fail,594.0
2,mondrian_class,2,coverage,0.9034889591581856
2,mondrian_class,2,cov_failure,0.9733036707452726
2,mondrian_class,2,set_size,1.8013711370339862
2,mondrian_class,2,n_fail,899.0
2,mondrian_class,3,coverage,0.9009612434809285
2,mondrian_class,3,cov_failure,0.9389736477115118
2,mondrian_class,3,set_size,1.5225227528377134
2,mondrian_class,3,n_fail,721.0
2,mondrian_class,4,coverage,0.9676373752584161
2,mondrian_class,4,cov_failure,0.3940520446096654
2,mondrian_class,4,set_size,1.1258773385059084
2,mondrian_class,4,n_fail,269.0
2,mondrian_stage,all,coverage,0.9022715648845103
2,mondrian_stage,all,cov_failure,0.8064403220161008
2,mondrian_stage,all,set_size,1.4564259403720676
2,mondrian_stage,all,n_fail,2857.0
2,mondrian_stage,0,coverage,0.9029237970992249
2,mondrian_stage,0,cov_failure,0.8796791443850267
2,mondrian_stage,0,set_size,1.6301383879466913
2,mondrian_stage,0,n_fail,374.0
2,mondrian_stage,1,coverage,0.9127231216272312
2,mondrian_stage,1,cov_failure,0.8872053872053872
2,mondrian_stage,1,set_size,1.6624896222498962
2,mondrian_stage,1,n_fail,594.0
2,mondrian_stage,2,coverage,0.9017617516541333
2,mondrian_stage,2,cov_failure,0.9010011123470523
2,mondrian_stage,2,set_size,1.6661972205245397
2,mondrian_stage,2,n_fail,899.0
2,mondrian_stage,3,coverage,0.9021627978320892
2,mondrian_stage,3,cov_failure,0.8668515950069348
2,mondrian_stage,3,set_size,1.4227681767051845
2,mondrian_stage,3,n_fail,721.0
2,mondrian_stage,4,coverage,0.8919374186467931
2,mondrian_stage,4,cov_failure,0.048327137546468404
2,mondrian_stage,4,set_size,0.9125086138689671
2,mondrian_stage,4,n_fail,269.0
2,mondrian_both,all,coverage,0.9019615946933103
2,mondrian_both,all,cov_failure,0.9002450122506125
2,mondrian_both,all,set_size,1.6281390939571312
2,mondrian_both,all,n_fail,2857.0
2,mondrian_both,0,coverage,0.9030005371805694
2,mondrian_both,0,cov_failure,0.8877005347593583
2,mondrian_both,0,set_size,1.6585833780983807
2,mondrian_both,0,n_fail,374.0
2,mondrian_both,1,coverage,0.913293897882939
2,mondrian_both,1,cov_failure,0.9242424242424242
2,mondrian_both,1,set_size,1.7394665836446659
2,mondrian_both,1,n_fail,594.0
2,mondrian_both,2,coverage,0.9016554619615763
2,mondrian_both,2,cov_failure,0.896551724137931
2,mondrian_both,2,set_size,1.6599792735099514
2,mondrian_both,2,n_fail,899.0
2,mondrian_both,3,coverage,0.9018560179977503
2,mondrian_both,3,cov_failure,0.897364771151179
2,mondrian_both,3,set_size,1.45025053686471
2,mondrian_both,3,n_fail,721.0
2,mondrian_both,4,coverage,0.8901763609912968
2,mondrian_both,4,cov_failure,0.8847583643122676
2,mondrian_both,4,set_size,1.63525688471453
2,mondrian_both,4,n_fail,269.0
3,-,all,auc,0.7017010856034263
3,-,4,vendorA_share_fail,0.9710144927536232
3,split,all,coverage,0.9196970322367607
3,split,all,cov_failure,0.8233657858136301
3,split,all,set_size,1.4870598918561935
3,split,all,n_fail,2876.0
3,split,0,coverage,0.9091212315586915
3,split,0,cov_failure,0.8703170028818443
3,split,0,set_size,1.6295060936497754
3,split,0,n_fail,347.0
3,split,1,coverage,0.9171479630157209
3,split,1,cov_failure,0.8796610169491526
3,split,1,set_size,1.6496335241252493
3,split,1,n_fail,590.0
3,split,2,coverage,0.9062960235640648
3,split,2,cov_failure,0.8961864406779662
3,split,2,set_size,1.6634494003787081
3,split,2,n_fail,944.0
3,split,3,coverage,0.9013379660841155
3,split,3,cov_failure,0.8650904033379694
3,split,3,set_size,1.4357205828968522
3,split,3,n_fail,719.0
3,split,4,coverage,0.9632946518668012
3,split,4,cov_failure,0.286231884057971
3,split,4,set_size,1.0693995963673057
3,split,4,n_fail,276.0
3,mondrian_class,all,coverage,0.9206979815907871
3,mondrian_class,all,cov_failure,0.8908205841446454
3,mondrian_class,all,set_size,1.605321542081149
3,mondrian_class,all,n_fail,2876.0
3,mondrian_class,0,coverage,0.9097370109044259
3,mondrian_class,0,cov_failure,0.9394812680115274
3,mondrian_class,0,set_size,1.75928159076331
3,mondrian_class,0,n_fail,347.0
3,mondrian_class,1,coverage,0.9183134339954935
3,mondrian_class,1,cov_failure,0.9559322033898305
3,mondrian_class,1,set_size,1.8267851130506851
3,mondrian_class,1,n_fail,590.0
3,mondrian_class,2,coverage,0.907926572690932
3,mondrian_class,2,cov_failure,0.961864406779661
3,mondrian_class,2,set_size,1.806701030927835
3,mondrian_class,2,n_fail,944.0
3,mondrian_class,3,coverage,0.902478867396152
3,mondrian_class,3,cov_failure,0.9262865090403338
3,mondrian_class,3,set_size,1.530726546699165
3,mondrian_class,3,n_fail,719.0
3,mondrian_class,4,coverage,0.963773965691221
3,mondrian_class,4,cov_failure,0.35507246376811596
3,mondrian_class,4,set_size,1.1176337033299697
3,mondrian_class,4,n_fail,276.0
3,mondrian_stage,all,coverage,0.908093243075907
3,mondrian_stage,all,cov_failure,0.8122392211404729
3,mondrian_stage,all,set_size,1.4638884302637554
3,mondrian_stage,all,n_fail,2876.0
3,mondrian_stage,0,coverage,0.9091212315586915
3,mondrian_stage,0,cov_failure,0.8703170028818443
3,mondrian_stage,0,set_size,1.6295060936497754
3,mondrian_stage,0,n_fail,347.0
3,mondrian_stage,1,coverage,0.9171479630157209
3,mondrian_stage,1,cov_failure,0.8796610169491526
3,mondrian_stage,1,set_size,1.6496335241252493
3,mondrian_stage,1,n_fail,590.0
3,mondrian_stage,2,coverage,0.9062960235640648
3,mondrian_stage,2,cov_failure,0.8961864406779662
3,mondrian_stage,2,set_size,1.6634494003787081
3,mondrian_stage,2,n_fail,944.0
3,mondrian_stage,3,coverage,0.9042680080900275
3,mondrian_stage,3,cov_failure,0.8706536856745479
3,mondrian_stage,3,set_size,1.4441995540113053
3,mondrian_stage,3,n_fail,719.0
3,mondrian_stage,4,coverage,0.9037083753784056
3,mondrian_stage,4,cov_failure,0.15579710144927536
3,mondrian_stage,4,set_size,0.9478557013118063
3,mondrian_stage,4,n_fail,276.0
3,mondrian_both,all,coverage,0.9082635076567466
3,mondrian_both,all,cov_failure,0.9022948539638387
3,mondrian_both,all,set_size,1.6533000371486357
3,mondrian_both,all,n_fail,2876.0
3,mondrian_both,0,coverage,0.9094547787042976
3,mondrian_both,0,cov_failure,0.9077809798270894
3,mondrian_both,0,set_size,1.708505452212957
3,mondrian_both,0,n_fail,347.0
3,mondrian_both,1,coverage,0.9173292585014633
3,mondrian_both,1,cov_failure,0.8915254237288136
3,mondrian_both,1,set_size,1.6851415399756546
3,mondrian_both,1,n_fail,590.0
3,mondrian_both,2,coverage,0.9066379128971176
3,mondrian_both,2,cov_failure,0.909957627118644
3,mondrian_both,2,set_size,1.6867504733852303
3,mondrian_both,2,n_fail,944.0
3,mondrian_both,3,coverage,0.9040865010631126
3,mondrian_both,3,cov_failure,0.8984700973574409
3,mondrian_both,3,set_size,1.4764559456516102
3,mondrian_both,3,n_fail,719.0
3,mondrian_both,4,coverage,0.9038849646821393
3,mondrian_both,4,cov_failure,0.9021739130434783
3,mondrian_both,4,set_size,1.7079717457114025
3,mondrian_both,4,n_fail,276.0
4,-,all,auc,0.6949786514176824
4,-,4,vendorA_share_fail,0.9616724738675958
4,split,all,coverage,0.9241306098167626
4,split,all,cov_failure,0.8300312825860271
4,split,all,set_size,1.5164082813229194
4,split,all,n_fail,2877.0
4,split,0,coverage,0.9164720359627314
4,split,0,cov_failure,0.8705234159779615
4,split,0,set_size,1.6636028026821366
4,split,0,n_fail,363.0
4,split,1,coverage,0.921030109702015
4,split,1,cov_failure,0.8968386023294509
4,split,1,set_size,1.6887886096631137
4,split,1,n_fail,601.0
4,split,2,coverage,0.913406198848936
4,split,2,cov_failure,0.8967452300785634
4,split,2,set_size,1.7047626590633085
4,split,2,n_fail,891.0
4,split,3,coverage,0.9023746701846965
4,split,3,cov_failure,0.8761904761904762
4,split,3,set_size,1.4551192508665736
4,split,3,n_fail,735.0
4,split,4,coverage,0.96584246113925
4,split,4,cov_failure,0.313588850174216
4,split,4,set_size,1.0854312732353602
4,split,4,n_fail,287.0
4,mondrian_class,all,coverage,0.9250434630986754
4,mondrian_class,all,cov_failure,0.89190128606187
4,mondrian_class,all,set_size,1.6083603001133373
4,mondrian_class,all,n_fail,2877.0
4,mondrian_class,0,coverage,0.9172003315000377
4,mondrian_class,0,cov_failure,0.9504132231404959
4,mondrian_class,0,set_size,1.7606921318968332
4,mondrian_class,0,n_fail,363.0
4,mondrian_class,1,coverage,0.9221452838507223
4,mondrian_class,1,cov_failure,0.9683860232945092
4,mondrian_class,1,set_size,1.8262143727793771
4,mondrian_class,1,n_fail,601.0
4,mondrian_class,2,coverage,0.9148582290511643
4,mondrian_class,2,cov_failure,0.9584736251402918
4,mondrian_class,2,set_size,1.8140081313691325
4,mondrian_class,2,n_fail,891.0
4,mondrian_class,3,coverage,0.9033317812613172
4,mondrian_class,3,cov_failure,0.926530612244898
4,mondrian_class,3,set_size,1.5353355062341558
4,mondrian_class,3,n_fail,735.0
4,mondrian_class,4,coverage,0.9661917712517777
4,mondrian_class,4,cov_failure,0.3623693379790941
4,mondrian_class,4,set_size,1.1235060755008857
4,mondrian_class,4,n_fail,287.0
4,mondrian_stage,all,coverage,0.910114722066946
4,mondrian_stage,all,cov_failure,0.8164754953076121
4,mondrian_stage,all,set_size,1.487412368649131
4,mondrian_stage,all,n_fail,2877.0
4,mondrian_stage,0,coverage,0.9164720359627314
4,mondrian_stage,0,cov_failure,0.8705234159779615
4,mondrian_stage,0,set_size,1.6636028026821366
4,mondrian_stage,0,n_fail,363.0
4,mondrian_stage,1,coverage,0.921030109702015
4,mondrian_stage,1,cov_failure,0.8968386023294509
4,mondrian_stage,1,set_size,1.6887886096631137
4,mondrian_stage,1,n_fail,601.0
4,mondrian_stage,2,coverage,0.913406198848936
4,mondrian_stage,2,cov_failure,0.8967452300785634
4,mondrian_stage,2,set_size,1.7047626590633085
4,mondrian_stage,2,n_fail,891.0
4,mondrian_stage,3,coverage,0.9023746701846965
4,mondrian_stage,3,cov_failure,0.8761904761904762
4,mondrian_stage,3,set_size,1.4551192508665736
4,mondrian_stage,3,n_fail,735.0
4,mondrian_stage,4,coverage,0.897652137029367
4,mondrian_stage,4,cov_failure,0.17770034843205576
4,mondrian_stage,4,set_size,0.9443598892187929
4,mondrian_stage,4,n_fail,287.0
4,mondrian_both,all,coverage,0.9102839589113455
4,mondrian_both,all,cov_failure,0.8887730274591589
4,mondrian_both,all,set_size,1.6302585221007935
4,mondrian_both,all,n_fail,2877.0
4,mondrian_both,0,coverage,0.9163213541274267
4,mondrian_both,0,cov_failure,0.8539944903581267
4,mondrian_both,0,set_size,1.6448680278259122
4,mondrian_both,0,n_fail,363.0
4,mondrian_both,1,coverage,0.9212635182447677
4,mondrian_both,1,cov_failure,0.9118136439267887
4,mondrian_both,1,set_size,1.7181462174848934
4,mondrian_both,1,n_fail,601.0
4,mondrian_both,2,coverage,0.9130365911610961
4,mondrian_both,2,cov_failure,0.8810325476992144
4,mondrian_both,2,set_size,1.6790221236601721
4,mondrian_both,2,n_fail,891.0
4,mondrian_both,3,coverage,0.902762688188732
4,mondrian_both,3,cov_failure,0.8965986394557823
4,mondrian_both,3,set_size,1.477882973769983
4,mondrian_both,3,n_fail,735.0
4,mondrian_both,4,coverage,0.8983757079767459
4,mondrian_both,4,cov_failure,0.8885017421602788
4,mondrian_both,4,set_size,1.6320766486189775
4,mondrian_both,4,n_fail,287.0
5,-,all,auc,0.6950985938249128
5,-,4,vendorA_share_fail,0.9496402877697842
5,split,all,coverage,0.9230341160285047
5,split,all,cov_failure,0.839986115931968
5,split,all,set_size,1.5233958355876398
5,split,all,n_fail,2881.0
5,split,0,coverage,0.9156741785219691
5,split,0,cov_failure,0.887434554973822
5,split,0,set_size,1.6854588946241975
5,split,0,n_fail,382.0
5,split,1,coverage,0.9215305302971426
5,split,1,cov_failure,0.9090909090909091
5,split,1,set_size,1.6989974352996036
5,split,1,n_fail,583.0
5,split,2,coverage,0.9097362008687361
5,split,2,cov_failure,0.9117647058823529
5,split,2,set_size,1.7097944697531517
5,split,2,n_fail,884.0
5,split,3,coverage,0.9067321538778029
5,split,3,cov_failure,0.8872679045092838
5,split,3,set_size,1.4557961324830282
5,split,3,n_fail,754.0
5,split,4,coverage,0.9610359726945006
5,split,4,cov_failure,0.2733812949640288
5,split,4,set_size,1.0728146652008284
5,split,4,n_fail,278.0
5,mondrian_class,all,coverage,0.9238740061729349
5,mondrian_class,all,cov_failure,0.8965636931620965
5,mondrian_class,all,set_size,1.6160980661915878
5,mondrian_class,all,n_fail,2881.0
5,mondrian_class,0,coverage,0.9161777665869318
5,mondrian_class,0,cov_failure,0.9397905759162304
5,mondrian_class,0,set_size,1.765302782324059
5,mondrian_class,0,n_fail,382.0
5,mondrian_class,1,coverage,0.9223854304292635
5,mondrian_class,1,cov_failure,0.9656946826758147
5,mondrian_class,1,set_size,1.8349265563068313
5,mondrian_class,1,n_fail,583.0
5,mondrian_class,2,coverage,0.9111929229791291
5,mondrian_class,2,cov_failure,0.9739819004524887
5,mondrian_class,2,set_size,1.8197637461595508
5,mondrian_class,2,n_fail,884.0
5,mondrian_class,3,coverage,0.9075036000822876
5,mondrian_class,3,cov_failure,0.9270557029177718
5,mondrian_class,3,set_size,1.5397551944044436
5,mondrian_class,3,n_fail,754.0
5,mondrian_class,4,coverage,0.9616751463707719
5,mondrian_class,4,cov_failure,0.36330935251798563
5,mondrian_class,4,set_size,1.1279370030424667
5,mondrian_class,4,n_fail,278.0
5,mondrian_stage,all,coverage,0.9112601959056643
5,mondrian_stage,all,cov_failure,0.8240194376952447
5,mondrian_stage,all,set_size,1.498456766268363
5,mondrian_stage,all,n_fail,2881.0
5,mondrian_stage,0,coverage,0.9156741785219691
5,mondrian_stage,0,cov_failure,0.887434554973822
5,mondrian_stage,0,set_size,1.6854588946241975
5,mondrian_stage,0,n_fail,382.0
5,mondrian_stage,1,coverage,0.9215305302971426
5,mondrian_stage,1,cov_failure,0.9090909090909091
5,mondrian_stage,1,set_size,1.6989974352996036
5,mondrian_stage,1,n_fail,583.0
5,mondrian_stage,2,coverage,0.9097362008687361
5,mondrian_stage,2,cov_failure,0.9117647058823529
5,mondrian_stage,2,set_size,1.7097944697531517
5,mondrian_stage,2,n_fail,884.0
5,mondrian_stage,3,coverage,0.9067321538778029
5,mondrian_stage,3,cov_failure,0.8872679045092838
5,mondrian_stage,3,set_size,1.4557961324830282
5,mondrian_stage,3,n_fail,754.0
5,mondrian_stage,4,coverage,0.9026154986833023
5,mondrian_stage,4,cov_failure,0.1079136690647482
5,mondrian_stage,4,set_size,0.9490706414747015
5,mondrian_stage,4,n_fail,278.0
5,mondrian_both,all,coverage,0.9111932108021209
5,mondrian_both,all,cov_failure,0.9000347101700799
5,mondrian_both,all,set_size,1.6534139215655965
5,mondrian_both,all,n_fail,2881.0
5,mondrian_both,0,coverage,0.916026690167443
5,mondrian_both,0,cov_failure,0.9240837696335078
5,mondrian_both,0,set_size,1.7447563892735742
5,mondrian_both,0,n_fail,382.0
5,mondrian_both,1,coverage,0.9216341545555815
5,mondrian_both,1,cov_failure,0.9159519725557461
5,mondrian_both,1,set_size,1.7287116914069585
5,mondrian_both,1,n_fail,583.0
5,mondrian_both,2,coverage,0.9093653988769996
5,mondrian_both,2,cov_failure,0.8959276018099548
5,mondrian_both,2,set_size,1.684103188897129
5,mondrian_both,2,n_fail,884.0
5,mondrian_both,3,coverage,0.9068092984982514
5,mondrian_both,3,cov_failure,0.8912466843501327
5,mondrian_both,3,set_size,1.462610573955976
5,mondrian_both,3,n_fail,754.0
5,mondrian_both,4,coverage,0.9021041597422852
5,mondrian_both,4,cov_failure,0.8705035971223022
5,mondrian_both,4,set_size,1.6464346892337587
5,mondrian_both,4,n_fail,278.0
6,-,all,auc,0.7023303523507277
6,-,4,vendorA_share_fail,0.9787985865724381
6,split,all,coverage,0.9186093000369049
6,split,all,cov_failure,0.8361169102296451
6,split,all,set_size,1.5102513634313364
6,split,all,n_fail,2874.0
6,split,0,coverage,0.9042563870902977
6,split,0,cov_failure,0.8674351585014409
6,split,0,set_size,1.6775084073683681
6,split,0,n_fail,347.0
6,split,1,coverage,0.9171055995908974
6,split,1,cov_failure,0.8790849673202614
6,split,1,set_size,1.6818716440807977
6,split,1,n_fail,612.0
6,split,2,coverage,0.9038704914574984
6,split,2,cov_failure,0.9136212624584718
6,split,2,set_size,1.6890687618645854
6,split,2,n_fail,903.0
6,split,3,coverage,0.8984071075596678
6,split,3,cov_failure,0.8902606310013718
6,split,3,set_size,1.4418830827462938
6,split,3,n_fail,729.0
6,split,4,coverage,0.9673620792670783
6,split,4,cov_failure,0.31802120141342755
6,split,4,set_size,1.0731428002389962
6,split,4,n_fail,283.0
6,mondrian_class,all,coverage,0.9196498134251856
6,mondrian_class,all,cov_failure,0.9067501739735561
6,mondrian_class,all,set_size,1.6163734776725305
6,mondrian_class,all,n_fail,2874.0
6,mondrian_class,0,coverage,0.9049590925061487
6,mondrian_class,0,cov_failure,0.9481268011527377
6,mondrian_class,0,set_size,1.7610550619886562
6,mondrian_class,0,n_fail,347.0
6,mondrian_class,1,coverage,0.9185374584505241
6,mondrian_class,1,cov_failure,0.9705882352941176
6,mondrian_class,1,set_size,1.840859115315776
6,mondrian_class,1,n_fail,612.0
6,mondrian_class,2,coverage,0.9053733389580257
6,mondrian_class,2,cov_failure,0.9767441860465116
6,mondrian_class,2,set_size,1.8136996414258595
6,mondrian_class,2,n_fail,903.0
6,mondrian_class,3,coverage,0.8993533802964988
6,mondrian_class,3,cov_failure,0.9396433470507545
6,mondrian_class,3,set_size,1.5409788665755442
6,mondrian_class,3,n_fail,729.0
6,mondrian_class,4,coverage,0.9680093606851224
6,mondrian_class,4,cov_failure,0.4098939929328622
6,mondrian_class,4,set_size,1.1393646683927505
6,mondrian_class,4,n_fail,283.0
6,mondrian_stage,all,coverage,0.9063742977816049
6,mondrian_stage,all,cov_failure,0.8197633959638135
6,mondrian_stage,all,set_size,1.4841257637265757
6,mondrian_stage,all,n_fail,2874.0
6,mondrian_stage,0,coverage,0.9042563870902977
6,mondrian_stage,0,cov_failure,0.8674351585014409
6,mondrian_stage,0,set_size,1.6775084073683681
6,mondrian_stage,0,n_fail,347.0
6,mondrian_stage,1,coverage,0.9171055995908974
6,mondrian_stage,1,cov_failure,0.8790849673202614
6,mondrian_stage,1,set_size,1.6818716440807977
6,mondrian_stage,1,n_fail,612.0
6,mondrian_stage,2,coverage,0.9038704914574984
6,mondrian_stage,2,cov_failure,0.9136212624584718
6,mondrian_stage,2,set_size,1.6890687618645854
6,mondrian_stage,2,n_fail,903.0
6,mondrian_stage,3,coverage,0.9005887919251393
6,mondrian_stage,3,cov_failure,0.8902606310013718
6,mondrian_stage,3,set_size,1.4458784565240248
6,mondrian_stage,3,n_fail,729.0
6,mondrian_stage,4,coverage,0.905870344552878
6,mondrian_stage,4,cov_failure,0.1519434628975265
6,mondrian_stage,4,set_size,0.9424666401115316
6,mondrian_stage,4,n_fail,283.0
6,mondrian_both,all,coverage,0.906435805962193
6,mondrian_both,all,cov_failure,0.9116214335421016
6,mondrian_both,all,set_size,1.6545854348628368
6,mondrian_both,all,n_fail,2874.0
6,mondrian_both,0,coverage,0.9047583195301913
6,mondrian_both,0,cov_failure,0.9250720461095101
6,mondrian_both,0,set_size,1.7451187070220349
6,mondrian_both,0,n_fail,347.0
6,mondrian_both,1,coverage,0.9174379953975965
6,mondrian_both,1,cov_failure,0.9003267973856209
6,mondrian_both,1,set_size,1.7201994374840195
6,mondrian_both,1,n_fail,612.0
6,mondrian_both,2,coverage,0.9038441257118751
6,mondrian_both,2,cov_failure,0.9125138427464009
6,mondrian_both,2,set_size,1.6835319552836954
6,mondrian_both,2,n_fail,903.0
6,mondrian_both,3,coverage,0.9005362212175376
6,mondrian_both,3,cov_failure,0.9163237311385459
6,mondrian_both,3,set_size,1.4784985805908948
6,mondrian_both,3,n_fail,729.0
6,mondrian_both,4,coverage,0.905422226648078
6,mondrian_both,4,cov_failure,0.9045936395759717
6,mondrian_both,4,set_size,1.6403355905198167
6,mondrian_both,4,n_fail,283.0
7,-,all,auc,0.702932303989186
7,-,4,vendorA_share_fail,0.9608540925266904
7,split,all,coverage,0.9288569964120964
7,split,all,cov_failure,0.8437062937062937
7,split,all,set_size,1.5187647360328036
7,split,all,n_fail,2860.0
7,split,0,coverage,0.919325630627184
7,split,0,cov_failure,0.8859649122807017
7,split,0,set_size,1.6739867880735584
7,split,0,n_fail,342.0
7,split,1,coverage,0.9276971836429694
7,split,1,cov_failure,0.8998272884283247
7,split,1,set_size,1.691437553144889
7,split,1,n_fail,579.0
7,split,2,coverage,0.9191518077292429
7,split,2,cov_failure,0.9117647058823529
7,split,2,set_size,1.7025357522904825
7,split,2,n_fail,918.0
7,split,3,coverage,0.9087637540453074
7,split,3,cov_failure,0.8837837837837837
7,split,3,set_size,1.4570355987055017
7,split,3,n_fail,740.0
7,split,4,coverage,0.9681442524417732
7,split,4,cov_failure,0.3487544483985765
7,split,4,set_size,1.0809166040570999
7,split,4,n_fail,281.0
7,mondrian_class,all,coverage,0.9297027165556125
7,mondrian_class,all,cov_failure,0.9013986013986014
7,mondrian_class,all,set_size,1.6156483854433623
7,mondrian_class,all,n_fail,2860.0
7,mondrian_class,0,coverage,0.9199122605657153
7,mondrian_class,0,cov_failure,0.9532163742690059
7,mondrian_class,0,set_size,1.763384089575841
7,mondrian_class,0,n_fail,342.0
7,mondrian_class,1,coverage,0.928830941276508
7,mondrian_class,1,cov_failure,0.9758203799654577
7,mondrian_class,1,set_size,1.8346259888170269
7,mondrian_class,1,n_fail,579.0
7,mondrian_class,2,coverage,0.9203457136183135
7,mondrian_class,2,cov_failure,0.9618736383442266
7,mondrian_class,2,set_size,1.8246515611617224
7,mondrian_class,2,n_fail,918.0
7,mondrian_class,3,coverage,0.9096699029126214
7,mondrian_class,3,cov_failure,0.9310810810810811
7,mondrian_class,3,set_size,1.5428608414239482
7,mondrian_class,3,n_fail,740.0
7,mondrian_class,4,coverage,0.9685699974956173
7,mondrian_class,4,cov_failure,0.4092526690391459
7,mondrian_class,4,set_size,1.126496368645129
7,mondrian_class,4,n_fail,281.0
7,mondrian_stage,all,coverage,0.9137570476678626
7,mondrian_stage,all,cov_failure,0.8216783216783217
7,mondrian_stage,all,set_size,1.4876781137878012
7,mondrian_stage,all,n_fail,2860.0
7,mondrian_stage,0,coverage,0.919325630627184
7,mondrian_stage,0,cov_failure,0.8859649122807017
7,mondrian_stage,0,set_size,1.6739867880735584
7,mondrian_stage,0,n_fail,342.0
7,mondrian_stage,1,coverage,0.9276971836429694
7,mondrian_stage,1,cov_failure,0.8998272884283247
7,mondrian_stage,1,set_size,1.691437553144889
7,mondrian_stage,1,n_fail,579.0
7,mondrian_stage,2,coverage,0.9191518077292429
7,mondrian_stage,2,cov_failure,0.9117647058823529
7,mondrian_stage,2,set_size,1.7025357522904825
7,mondrian_stage,2,n_fail,918.0
7,mondrian_stage,3,coverage,0.9087637540453074
7,mondrian_stage,3,cov_failure,0.8837837837837837
7,mondrian_stage,3,set_size,1.4570355987055017
7,mondrian_stage,3,n_fail,740.0
7,mondrian_stage,4,coverage,0.8943651389932382
7,mondrian_stage,4,cov_failure,0.12455516014234876
7,mondrian_stage,4,set_size,0.9290257951414976
7,mondrian_stage,4,n_fail,281.0
7,mondrian_both,all,coverage,0.9137365453613532
7,mondrian_both,all,cov_failure,0.9041958041958041
7,mondrian_both,all,set_size,1.6502409021014863
7,mondrian_both,all,n_fail,2860.0
7,mondrian_both,0,coverage,0.9195551814726962
7,mondrian_both,0,cov_failure,0.9122807017543859
7,mondrian_both,0,set_size,1.712296273624608
7,mondrian_both,0,n_fail,342.0
7,mondrian_both,1,coverage,0.9278260197376897
7,mondrian_both,1,cov_failure,0.9084628670120898
7,mondrian_both,1,set_size,1.7056095235641218
7,mondrian_both,1,n_fail,579.0
7,mondrian_both,2,coverage,0.9189701263982973
7,mondrian_both,2,cov_failure,0.9041394335511983
7,mondrian_both,2,set_size,1.6886501077110747
7,mondrian_both,2,n_fail,918.0
7,mondrian_both,3,coverage,0.9088932038834951
7,mondrian_both,3,cov_failure,0.8905405405405405
7,mondrian_both,3,set_size,1.465346278317152
7,mondrian_both,3,n_fail,740.0
7,mondrian_both,4,coverage,0.8939644377660907
7,mondrian_both,4,cov_failure,0.9217081850533808
7,mondrian_both,4,set_size,1.6772852491860757
7,mondrian_both,4,n_fail,281.0
8,-,all,auc,0.7041434975858623
8,-,4,vendorA_share_fail,0.954225352112676
8,split,all,coverage,0.9157411741709147
8,split,all,cov_failure,0.8043478260869565
8,split,all,set_size,1.4594523690721755
8,split,all,n_fail,2852.0
8,split,0,coverage,0.907262058980416
8,split,0,cov_failure,0.8484848484848485
8,split,0,set_size,1.597271965251848
8,split,0,n_fail,363.0
8,split,1,coverage,0.9111767143153097
8,split,1,cov_failure,0.8637931034482759
8,split,1,set_size,1.612362751191216
8,split,1,n_fail,580.0
8,split,2,coverage,0.893975276512687
8,split,2,cov_failure,0.8694158075601375
8,split,2,set_size,1.6297722836694861
8,split,2,n_fail,873.0
8,split,3,coverage,0.8975884747886
8,split,3,cov_failure,0.8563829787234043
8,split,3,set_size,1.411473013884539
8,split,3,n_fail,752.0
8,split,4,coverage,0.9672085696282293
8,split,4,cov_failure,0.2887323943661972
8,split,4,set_size,1.0552488972904852
8,split,4,n_fail,284.0
8,mondrian_class,all,coverage,0.9173203841544025
8,mondrian_class,all,cov_failure,0.9119915848527349
8,mondrian_class,all,set_size,1.6146521880031481
8,mondrian_class,all,n_fail,2852.0
8,mondrian_class,0,coverage,0.9083796896034951
8,mondrian_class,0,cov_failure,0.9696969696969697
8,mondrian_class,0,set_size,1.7603698341334553
8,mondrian_class,0,n_fail,363.0
8,mondrian_class,1,coverage,0.9129894344313239
8,mondrian_class,1,cov_failure,0.9844827586206897
8,mondrian_class,1,set_size,1.833669981354879
8,mondrian_class,1,n_fail,580.0
8,mondrian_class,2,coverage,0.8964736499674691
8,mondrian_class,2,cov_failure,0.979381443298969
8,mondrian_class,2,set_size,1.8064281067013663
8,mondrian_class,2,n_fail,873.0
8,mondrian_class,3,coverage,0.8991022027351498
8,mondrian_class,3,cov_failure,0.9335106382978723
8,mondrian_class,3,set_size,1.5463774924313602
8,mondrian_class,3,n_fail,752.0
8,mondrian_class,4,coverage,0.9681915563957152
8,mondrian_class,4,cov_failure,0.426056338028169
8,mondrian_class,4,set_size,1.1370888468809073
8,mondrian_class,4,n_fail,284.0
8,mondrian_stage,all,coverage,0.9037196310718566
8,mondrian_stage,all,cov_failure,0.7871669004207573
8,mondrian_stage,all,set_size,1.4354092828740592
8,mondrian_stage,all,n_fail,2852.0
8,mondrian_stage,0,coverage,0.907262058980416
8,mondrian_stage,0,cov_failure,0.8484848484848485
8,mondrian_stage,0,set_size,1.597271965251848
8,mondrian_stage,0,n_fail,363.0
8,mondrian_stage,1,coverage,0.9111767143153097
8,mondrian_stage,1,cov_failure,0.8637931034482759
8,mondrian_stage,1,set_size,1.612362751191216
8,mondrian_stage,1,n_fail,580.0
8,mondrian_stage,2,coverage,0.8966558230318803
8,mondrian_stage,2,cov_failure,0.870561282932417
8,mondrian_stage,2,set_size,1.6327911515940143
8,mondrian_stage,2,n_fail,873.0
8,mondrian_stage,3,coverage,0.9025994362668337
8,mondrian_stage,3,cov_failure,0.8617021276595744
8,mondrian_stage,3,set_size,1.421599331871803
8,mondrian_stage,3,n_fail,752.0
8,mondrian_stage,4,coverage,0.9008695652173913
8,mondrian_stage,4,cov_failure,0.09859154929577464
8,mondrian_stage,4,set_size,0.9247385003150599
8,mondrian_stage,4,n_fail,284.0
8,mondrian_both,all,coverage,0.9041054315564221
8,mondrian_both,all,cov_failure,0.9074333800841514
8,mondrian_both,all,set_size,1.6436643844424668
8,mondrian_both,all,n_fail,2852.0
8,mondrian_both,0,coverage,0.9078716756839137
8,mondrian_both,0,cov_failure,0.9146005509641874
8,mondrian_both,0,set_size,1.685666387259011
8,mondrian_both,0,n_fail,363.0
8,mondrian_both,1,coverage,0.9119794903666874
8,mondrian_both,1,cov_failure,0.9172413793103448
8,mondrian_both,1,set_size,1.6849233478350942
8,mondrian_both,1,n_fail,580.0
8,mondrian_both,2,coverage,0.8974365647364997
8,mondrian_both,2,cov_failure,0.9049255441008018
8,mondrian_both,2,set_size,1.6856213402732596
8,mondrian_both,2,n_fail,873.0
8,mondrian_both,3,coverage,0.9021557573859484
8,mondrian_both,3,cov_failure,0.9002659574468085
8,mondrian_both,3,set_size,1.4888036329470717
8,mondrian_both,3,n_fail,752.0
8,mondrian_both,4,coverage,0.9010459987397605
8,mondrian_both,4,cov_failure,0.9049295774647887
8,mondrian_both,4,set_size,1.6707498424700693
8,mondrian_both,4,n_fail,284.0
