method,stage,n,prevalence,coverage,cov_failure,set_size,stages
split,0,65388,0.01202,0.9143,0.902,1.6852,quantile_3
split,1,63311,0.02369,0.9047,0.9053,1.6804,quantile_3
split,2,65639,0.00871,0.9515,0.5822,1.1796,quantile_3
mondrian_class,0,65388,0.01202,0.915,0.9631,1.7885,quantile_3
mondrian_class,1,63311,0.02369,0.9061,0.964,1.8026,quantile_3
mondrian_class,2,65639,0.00871,0.9518,0.6224,1.2241,quantile_3
mondrian_stage,0,65388,0.01202,0.9143,0.902,1.6852,quantile_3
mondrian_stage,1,63311,0.02369,0.9047,0.9053,1.6804,quantile_3
mondrian_stage,2,65639,0.00871,0.9177,0.535,1.1154,quantile_3
mondrian_both,0,65388,0.01202,0.9143,0.902,1.6868,quantile_3
mondrian_both,1,63311,0.02369,0.9047,0.904,1.6726,quantile_3
mondrian_both,2,65639,0.00871,0.9207,0.8829,1.6078,quantile_3
split,0,39569,0.00902,0.9125,0.8796,1.6725,quantile_5
split,1,38648,0.0156,0.9192,0.9055,1.69,quantile_5
split,2,38108,0.02472,0.9102,0.9087,1.6945,quantile_5
split,3,39034,0.01765,0.9065,0.865,1.4326,quantile_5
split,4,38979,0.00685,0.97,0.3296,1.078,quantile_5
mondrian_class,0,39569,0.00902,0.9131,0.9496,1.7557,quantile_5
mondrian_class,1,38648,0.0156,0.9203,0.9751,1.8313,quantile_5
mondrian_class,2,38108,0.02472,0.9115,0.9628,1.8076,quantile_5
mondrian_class,3,39034,0.01765,0.9073,0.91,1.5076,quantile_5
mondrian_class,4,38979,0.00685,0.9703,0.367,1.1144,quantile_5
mondrian_stage,0,39569,0.00902,0.9125,0.8796,1.6725,quantile_5
mondrian_stage,1,38648,0.0156,0.9192,0.9055,1.69,quantile_5
mondrian_stage,2,38108,0.02472,0.9102,0.9087,1.6945,quantile_5
mondrian_stage,3,39034,0.01765,0.9065,0.865,1.4326,quantile_5
mondrian_stage,4,38979,0.00685,0.9076,0.1835,0.9478,quantile_5
mondrian_both,0,39569,0.00902,0.9127,0.9048,1.7046,quantile_5
mondrian_both,1,38648,0.0156,0.9193,0.9088,1.6946,quantile_5
mondrian_both,2,38108,0.02472,0.9102,0.9087,1.6907,quantile_5
mondrian_both,3,39034,0.01765,0.907,0.8897,1.4569,quantile_5
mondrian_both,4,38979,0.00685,0.9072,0.8277,1.6189,quantile_5
split,0,24740,0.0097,0.9099,0.8792,1.6591,quantile_8
split,1,24593,0.01106,0.9148,0.9007,1.7018,quantile_8
split,2,24016,0.01553,0.9218,0.8981,1.6817,quantile_8
split,3,24201,0.01831,0.9223,0.9007,1.6925,quantile_8
split,4,23417,0.03023,0.8923,0.9181,1.6983,quantile_8
split,5,24152,0.02116,0.8954,0.8924,1.4516,quantile_8
split,6,25301,0.00352,0.9541,0.3034,1.1697,quantile_8
split,7,23918,0.00928,0.9777,0.3468,1.0595,quantile_8
mondrian_class,0,24740,0.0097,0.9106,0.95,1.7533,quantile_8
mondrian_class,1,24593,0.01106,0.9153,0.9522,1.7854,quantile_8
mondrian_class,2,24016,0.01553,0.9231,0.9786,1.8325,quantile_8
mondrian_class,3,24201,0.01831,0.9237,0.9752,1.8384,quantile_8
mondrian_class,4,23417,0.03023,0.8936,0.9605,1.7807,quantile_8
mondrian_class,5,24152,0.02116,0.8964,0.9374,1.5352,quantile_8
mondrian_class,6,25301,0.00352,0.9542,0.3483,1.215,quantile_8
mondrian_class,7,23918,0.00928,0.978,0.3829,1.0919,quantile_8
mondrian_stage,0,24740,0.0097,0.9099,0.8792,1.6591,quantile_8
mondrian_stage,1,24593,0.01106,0.9148,0.9007,1.7018,quantile_8
mondrian_stage,2,24016,0.01553,0.9218,0.8981,1.6817,quantile_8
mondrian_stage,3,24201,0.01831,0.9223,0.9007,1.6925,quantile_8
mondrian_stage,4,23417,0.03023,0.9039,0.9209,1.7143,quantile_8
mondrian_stage,5,24152,0.02116,0.9037,0.8963,1.4661,quantile_8
mondrian_stage,6,25301,0.00352,0.9206,0.3034,1.1037,quantile_8
mondrian_stage,7,23918,0.00928,0.9085,0.0586,0.9194,quantile_8
mondrian_both,0,24740,0.0097,0.9101,0.9042,1.7042,quantile_8
mondrian_both,1,24593,0.01106,0.9148,0.9007,1.7018,quantile_8
mondrian_both,2,24016,0.01553,0.9221,0.9115,1.7002,quantile_8
mondrian_both,3,24201,0.01831,0.9223,0.9007,1.6953,quantile_8
mondrian_both,4,23417,0.03023,0.904,0.9138,1.7014,quantile_8
mondrian_both,5,24152,0.02116,0.9029,0.9002,1.4687,quantile_8
mondrian_both,6,25301,0.00352,0.9227,0.9213,1.8065,quantile_8
mondrian_both,7,23918,0.00928,0.909,0.8333,1.5869,quantile_8
split,0,90920,0.01302,0.9174,0.8936,1.6808,changepoint_3
split,1,47472,0.02764,0.8897,0.9108,1.6234,changepoint_3
split,2,55946,0.00647,0.9629,0.4061,1.1462,changepoint_3
mondrian_class,0,90920,0.01302,0.9183,0.9688,1.7985,changepoint_3
mondrian_class,1,47472,0.02764,0.8909,0.955,1.7176,changepoint_3
mondrian_class,2,55946,0.00647,0.9631,0.4392,1.1862,changepoint_3
mondrian_stage,0,90920,0.01302,0.9174,0.8936,1.6808,changepoint_3
mondrian_stage,1,47472,0.02764,0.9031,0.9169,1.6455,changepoint_3
mondrian_stage,2,55946,0.00647,0.9318,0.3729,1.0867,changepoint_3
mondrian_both,0,90920,0.01302,0.9174,0.9003,1.6969,changepoint_3
mondrian_both,1,47472,0.02764,0.9028,0.9062,1.6289,changepoint_3
mondrian_both,2,55946,0.00647,0.9348,0.8481,1.6697,changepoint_3
split,0,56130,0.01044,0.9137,0.8874,1.6829,changepoint_5
split,1,34790,0.01719,0.9233,0.8997,1.6774,changepoint_5
split,2,47472,0.02764,0.8897,0.9108,1.6234,changepoint_5
split,3,40267,0.00462,0.9568,0.4462,1.1821,changepoint_5
split,4,15679,0.01123,0.9787,0.3636,1.0538,changepoint_5
mondrian_class,0,56130,0.01044,0.9143,0.9505,1.7797,changepoint_5
mondrian_class,1,34790,0.01719,0.9248,0.9866,1.8287,changepoint_5
mondrian_class,2,47472,0.02764,0.8909,0.955,1.7176,changepoint_5
mondrian_class,3,40267,0.00462,0.9569,0.4785,1.2249,changepoint_5
mondrian_class,4,15679,0.01123,0.9791,0.3977,1.0867,changepoint_5
mondrian_stage,0,56130,0.01044,0.9137,0.8874,1.6829,changepoint_5
mondrian_stage,1,34790,0.01719,0.9016,0.8946,1.6462,changepoint_5
mondrian_stage,2,47472,0.02764,0.9031,0.9169,1.6455,changepoint_5
mondrian_stage,3,40267,0.00462,0.9184,0.4301,1.1124,changepoint_5
mondrian_stage,4,15679,0.01123,0.908,0.0227,0.9173,changepoint_5
mondrian_both,0,56130,0.01044,0.9137,0.8874,1.686,changepoint_5
mondrian_both,1,34790,0.01719,0.9014,0.9197,1.6854,changepoint_5
mondrian_both,2,47472,0.02764,0.9028,0.9062,1.6289,changepoint_5
mondrian_both,3,40267,0.00462,0.9205,0.8871,1.7419,changepoint_5
mondrian_both,4,15679,0.01123,0.9079,0.8466,1.5293,changepoint_5
