file,rows,columns_compared,session1_sha,session2_sha,identical
drive_index_r1_cal.csv,5026,3,fd00cb2d52fc,fd00cb2d52fc,true
drive_index_r1_test.csv,6285,3,df79219d7ef5,df79219d7ef5,true
drive_index_r2p7_cal.csv,9253,3,b9e524e5224a,b9e524e5224a,true
drive_index_r2p7_test.csv,11559,3,29e262ff1cc5,29e262ff1cc5,true
drive_index_wvA_cal.csv,2534,3,31981807e35b,31981807e35b,true
drive_index_wvA_test.csv,3165,3,2b0bb7a2fe14,2b0bb7a2fe14,true
drive_index_wvB_cal.csv,1756,3,08003d973ba2,08003d973ba2,true
drive_index_wvB_test.csv,2195,3,ecb32ddb4b54,ecb32ddb4b54,true
drive_index_wvC_cal.csv,4960,3,e4323e5df1e6,e4323e5df1e6,true
drive_index_wvC_test.csv,6201,3,3239ec9cd191,3239ec9cd191,true
drives_r1.csv,32610,7,bd04e77fa331,bd04e77fa331,true
drives_r2p7.csv,60000,12,baecb83cebc3,baecb83cebc3,true
