held_out_vendor,feature,n_train_windows,n_test_windows,frac_outside_train_range,test_mean_in_train_sd,sd_ratio_test_over_train
A,r_9,563082,266530,0.2650433347090384,3.345188055315695,1.1387907186894717
A,r_12,563082,266530,0.0,0.16970901332484534,2.8236929311014705
A,r_199,563082,266530,0.0006303230405582861,0.6088145758272994,33.00438289057469
A,n_183,563082,266530,0.18650808539376432,-43.95001973543511,91.86273710130595
B,r_9,619558,195595,0.000040900841023543544,-0.13913339563670477,0.5513273948969377
B,r_12,619558,195595,0.0,-0.0324319244273922,0.15620417961699276
B,r_199,619558,195595,0.0,-0.008969679463091414,0.11977220091949513
B,n_183,619558,195595,0.0,0.2593513351323593,0.03298629735690855
C,r_9,368969,508439,0.0,-1.4551350655214865,0.4770398881841351
C,r_12,368969,508439,0.003459608723957053,-0.04552966055052671,0.4910851514910769
C,r_199,368969,508439,0.0,-0.015179790858956458,0.018813774517549696
C,n_183,368969,508439,0.0,0.34804599118902246,0.0
