vendor,feature,pearson_r,n_windows,n_drives,n_boot,frac_boot_positive
A,r_9,0.04046227883894555,266530,15809,500,1.0
A,r_12,0.045858140563963264,266530,15809,500,1.0
A,r_199,0.01015062874148734,266530,15809,500,0.956
B,r_9,-0.011515553992253574,195595,10972,500,0.0
B,r_12,-0.0022598306232888853,195595,10972,500,0.22
B,r_199,0.008834809098675534,195595,10972,500,0.982
C,r_9,0.09649381683474519,508439,30994,500,1.0
C,r_12,0.0014650614563566297,508439,30994,500,0.954
C,r_199,0.005701811352484837,508439,30994,500,0.978
