alpha,target_coverage,empirical_coverage,coverage_healthy,coverage_failure,avg_set_size,singleton_rate,doubleton_rate,empty_rate,qhat,n_cal,n_test,n_failures_test,score_fn,method,fallback_rate,win_threshold,win_precision,win_recall,win_f0.5,win_f1,win_auc,win_avg_precision,win_prevalence,win_tp,win_fp,win_fn,win_tn,drv_threshold,drv_precision,drv_recall,drv_f0.5,drv_f1,drv_auc,drv_avg_precision,drv_prevalence,drv_tp,drv_fp,drv_fn,drv_tn,drv_n_drives,split,held_out,model,conformal,n_train_windows,n_cal_windows,n_test_windows,n_test_drives,test_prevalence,n_features,features,normalize,n_dropped_constant,dropped_constant,fit_seconds,cell_seconds,domain_auc,ess_cal
0.1,0.9,0.9019852010414844,0.9126906204303321,0.1847445766270119,0.9294476633494222,0.9294476633494222,0.0,0.07055233665057786,0.3632823982375737,155176,194338,2858,lac,split,0.0,0.622872243006583,0.1245171551920018,0.1917424772568229,0.133906753982392,0.15098498415712003,0.7438486021302446,0.10863151410281507,0.014706336383002809,548,3853,2310,187627,0.622872243006583,0.35175530066041005,0.3540937718684394,0.3522205206730163,0.35292066259758187,0.620549675805223,0.3684069901664236,0.24725322259711047,1012,1865,1846,6836,11559,standard,"",random_forest,split,621050,155176,194338,11559,0.014706336383002809,13,"n_5,r_5,n_9,r_9,n_12,r_12,n_183,r_183,n_184,n_187,r_187,n_197,n_199",rank,0,"",52.68,66.48,,
0.1,0.9,0.9022939414833949,0.9025067892208064,0.8880335899230231,1.4960892877358005,0.5039107122641995,0.4960892877358005,0.0,0.6515068788819909,155176,194338,2858,lac,mondrian_class,0.0,0.622872243006583,0.1245171551920018,0.1917424772568229,0.133906753982392,0.15098498415712003,0.7438486021302446,0.10863151410281507,0.014706336383002809,548,3853,2310,187627,0.622872243006583,0.35175530066041005,0.3540937718684394,0.3522205206730163,0.35292066259758187,0.620549675805223,0.3684069901664236,0.24725322259711047,1012,1865,1846,6836,11559,standard,"",random_forest,mondrian_class,621050,155176,194338,11559,0.014706336383002809,13,"n_5,r_5,n_9,r_9,n_12,r_12,n_183,r_183,n_184,n_187,r_187,n_197,n_199",rank,0,"",52.56,66.83,,
0.1,0.9,0.900245963218722,0.9110507624817213,0.17634709587123862,0.9261184122508207,0.9261184122508207,0.0,0.07388158774917926,0.35238215241907245,155176,194338,2858,lac,weighted,0.0,0.622872243006583,0.1245171551920018,0.1917424772568229,0.133906753982392,0.15098498415712003,0.7438486021302446,0.10863151410281507,0.014706336383002809,548,3853,2310,187627,0.622872243006583,0.35175530066041005,0.3540937718684394,0.3522205206730163,0.35292066259758187,0.620549675805223,0.3684069901664236,0.24725322259711047,1012,1865,1846,6836,11559,standard,"",random_forest,weighted,621050,155176,194338,11559,0.014706336383002809,13,"n_5,r_5,n_9,r_9,n_12,r_12,n_183,r_183,n_184,n_187,r_187,n_197,n_199",rank,0,"",52.47,75.02,0.5136439332467617,154826.90920463926
0.1,0.9,0.9190410085168649,0.9242554026467026,0.01051939513477975,0.9538551007391288,0.9538551007391288,0.0,0.046144899260871196,0.45127913621925764,140952,266530,1521,lac,split,0.0,0.7987414752301911,0.0,0.0,0.0,0.0,0.5601522002072404,0.005924944297096807,0.005706674670768769,0,0,1521,265009,0.7987414752301911,0.0,0.0,0.0,0.0,0.3575671515174272,0.06869518480947201,0.09621101903978746,0,0,1521,14288,15809,lomo_A,A,random_forest,split,563082,140952,266530,15809,0.005706674670768769,10,"n_5,r_5,n_9,r_9,r_12,n_183,r_183,n_187,r_187,n_199",rank,0,"",49.73,65.46,,
0.1,0.9,0.9025550594679773,0.901995781275353,1.0,1.902262409484861,0.09773759051513901,0.902262409484861,0.0,0.6940981843746667,140952,266530,1521,lac,mondrian_class,0.0,0.7987414752301911,0.0,0.0,0.0,0.0,0.5601522002072404,0.005924944297096807,0.005706674670768769,0,0,1521,265009,0.7987414752301911,0.0,0.0,0.0,0.0,0.3575671515174272,0.06869518480947201,0.09621101903978746,0,0,1521,14288,15809,lomo_A,A,random_forest,mondrian_class,563082,140952,266530,15809,0.005706674670768769,10,"n_5,r_5,n_9,r_9,r_12,n_183,r_183,n_187,r_187,n_199",rank,0,"",50.42,66.45,,
0.1,0.9,0.9808089145687164,0.9862344297740832,0.03550295857988166,1.0675196037969459,0.9324803962030541,0.06751960379694594,0.0,0.5628309249135165,140952,266530,1521,lac,weighted,0.0,0.7987414752301911,0.0,0.0,0.0,0.0,0.5601522002072404,0.005924944297096807,0.005706674670768769,0,0,1521,265009,0.7987414752301911,0.0,0.0,0.0,0.0,0.3575671515174272,0.06869518480947201,0.09621101903978746,0,0,1521,14288,15809,lomo_A,A,random_forest,weighted,563082,140952,266530,15809,0.005706674670768769,10,"n_5,r_5,n_9,r_9,r_12,n_183,r_183,n_187,r_187,n_199",rank,0,"",50.32,75.62,0.9996190137838116,85546.39641806867
0.1,0.9,0.9223344155014187,0.9325279281235299,0.0060408921933085506,0.9410823385055855,0.9410823385055855,0.0,0.05891766149441448,0.40054588610865494,155411,195595,2152,lac,split,0.0,0.6025365550647547,0.008130081300813004,0.006040892193308548,0.007604117921379135,0.006931484936860904,0.4804639747005193,0.010476994733292938,0.011002326235333214,13,1586,2139,191857,0.6025365550647547,0.0845170454545454,0.055297397769516705,0.0764388489198631,0.06685393258379146,0.3198591038026115,0.1378102298177216,0.1961356179365658,119,1289,2033,7531,10972,lomo_B,B,random_forest,split,619558,155411,195595,10972,0.011002326235333214,12,"n_5,r_5,n_9,r_9,n_12,r_12,n_183,n_184,n_187,n_197,n_199,r_199",rank,0,"",56.65,70.39,,
0.1,0.9,0.9193895549477236,0.9194026147237171,0.9182156133828996,1.890871443544058,0.10912855645594212,0.8908714435440579,0.0,0.6658300307558083,155411,195595,2152,lac,mondrian_class,0.0,0.6025365550647547,0.008130081300813004,0.006040892193308548,0.007604117921379135,0.006931484936860904,0.4804639747005193,0.010476994733292938,0.011002326235333214,13,1586,2139,191857,0.6025365550647547,0.0845170454545454,0.055297397769516705,0.0764388489198631,0.06685393258379146,0.3198591038026115,0.1378102298177216,0.1961356179365658,119,1289,2033,7531,10972,lomo_B,B,random_forest,mondrian_class,619558,155411,195595,10972,0.011002326235333214,12,"n_5,r_5,n_9,r_9,n_12,r_12,n_183,n_184,n_187,n_197,n_199,r_199",rank,0,"",55.87,69.86,,
0.1,0.9,0.9268641836447762,0.9370977497247251,0.006970260223048327,0.9464045604437741,0.9464045604437741,0.0,0.05359543955622587,0.4111837251429291,155411,195595,2152,lac,weighted,0.0,0.6025365550647547,0.008130081300813004,0.006040892193308548,0.007604117921379135,0.006931484936860904,0.4804639747005193,0.010476994733292938,0.011002326235333214,13,1586,2139,191857,0.6025365550647547,0.0845170454545454,0.055297397769516705,0.0764388489198631,0.06685393258379146,0.3198591038026115,0.1378102298177216,0.1961356179365658,119,1289,2033,7531,10972,lomo_B,B,random_forest,weighted,619558,155411,195595,10972,0.011002326235333214,12,"n_5,r_5,n_9,r_9,n_12,r_12,n_183,n_184,n_187,n_197,n_199,r_199",rank,0,"",58.2,79.96,1.0,155321.86174002124
0.1,0.9,0.5564502329679667,0.5683598340649075,0.0,0.565580138423685,0.565580138423685,0.0,0.43441986157631496,0.03333470469090538,93156,508439,10654,lac,split,0.0,0.8438670647687794,0.0,0.0,0.0,0.0,0.5736713552809172,0.037341673311208315,0.02095433277148291,0,0,10654,497785,0.8438670647687794,0.0,0.0,0.0,0.0,0.5530347662111295,0.3983709420488641,0.34374395044202105,0,0,10654,20340,30994,lomo_C,C,random_forest,split,368969,93156,508439,30994,0.02095433277148291,12,"n_5,r_5,n_9,r_9,n_12,r_12,n_183,r_183,n_184,n_187,n_197,n_199",rank,0,"",30.46,59.5,,
0.1,0.9,0.475549672625428,0.4643249595708991,1.0,1.4628342829719987,0.5371657170280014,0.46283428297199863,0.0,0.5139810964549243,93156,508439,10654,lac,mondrian_class,0.0,0.8438670647687794,0.0,0.0,0.0,0.0,0.5736713536781722,0.037341672030726636,0.02095433277148291,0,0,10654,497785,0.8438670647687794,0.0,0.0,0.0,0.0,0.5530347662111295,0.3983709420488641,0.34374395044202105,0,0,10654,20340,30994,lomo_C,C,random_forest,mondrian_class,368969,93156,508439,30994,0.02095433277148291,12,"n_5,r_5,n_9,r_9,n_12,r_12,n_183,r_183,n_184,n_187,n_197,n_199",rank,0,"",28.43,58.32,,
0.1,0.9,0.5745054962345532,0.5868015307813614,0.0,0.5838045468581285,0.5838045468581285,0.0,0.4161954531418715,0.035305281406619815,93156,508439,10654,lac,weighted,0.0,0.8438670647687794,0.0,0.0,0.0,0.0,0.5736711610659362,0.03734147473561484,0.02095433277148291,0,0,10654,497785,0.8438670647687794,0.0,0.0,0.0,0.0,0.5530347662111295,0.3983709420488641,0.34374395044202105,0,0,10654,20340,30994,lomo_C,C,random_forest,weighted,368969,93156,508439,30994,0.02095433277148291,12,"n_5,r_5,n_9,r_9,n_12,r_12,n_183,r_183,n_184,n_187,n_197,n_199",rank,0,"",28.45,70.5,1.0,93155.99999999993
